// <auto-generated>
//     Generated by tools/Outbridge.PyLite.UnicodeGen from the Unicode Character Database 16.0.0.
//     Do not edit by hand: re-run the generator instead (see its README).
// </auto-generated>

namespace Outbridge.PyLite.Runtime.Values
{
    internal static partial class PyUnicodeProps
    {
        internal const string UnicodeVersion = "16.0.0";

        // East Asian Width as runs: EawStart[i] opens a run whose code is WidthCodes[EawValue[i]].
        private static readonly int[] EawStart =
        {
            0x0, 0x20, 0x7F, 0xA1, 0xA2, 0xA4, 0xA5, 0xA7, 0xA9, 0xAA, 0xAB, 0xAC, 0xAD, 0xAF, 0xB0, 0xB5, 0xB6,
            0xBB, 0xBC, 0xC0, 0xC6, 0xC7, 0xD0, 0xD1, 0xD7, 0xD9, 0xDE, 0xE2, 0xE6, 0xE7, 0xE8, 0xEB, 0xEC, 0xEE,
            0xF0, 0xF1, 0xF2, 0xF4, 0xF7, 0xFB, 0xFC, 0xFD, 0xFE, 0xFF, 0x101, 0x102, 0x111, 0x112, 0x113, 0x114,
            0x11B, 0x11C, 0x126, 0x128, 0x12B, 0x12C, 0x131, 0x134, 0x138, 0x139, 0x13F, 0x143, 0x144, 0x145,
            0x148, 0x14C, 0x14D, 0x14E, 0x152, 0x154, 0x166, 0x168, 0x16B, 0x16C, 0x1CE, 0x1CF, 0x1D0, 0x1D1,
            0x1D2, 0x1D3, 0x1D4, 0x1D5, 0x1D6, 0x1D7, 0x1D8, 0x1D9, 0x1DA, 0x1DB, 0x1DC, 0x1DD, 0x251, 0x252,
            0x261, 0x262, 0x2C4, 0x2C5, 0x2C7, 0x2C8, 0x2C9, 0x2CC, 0x2CD, 0x2CE, 0x2D0, 0x2D1, 0x2D8, 0x2DC,
            0x2DD, 0x2DE, 0x2DF, 0x2E0, 0x300, 0x370, 0x391, 0x3A2, 0x3A3, 0x3AA, 0x3B1, 0x3C2, 0x3C3, 0x3CA,
            0x401, 0x402, 0x410, 0x450, 0x451, 0x452, 0x1100, 0x1160, 0x2010, 0x2011, 0x2013, 0x2017, 0x2018,
            0x201A, 0x201C, 0x201E, 0x2020, 0x2023, 0x2024, 0x2028, 0x2030, 0x2031, 0x2032, 0x2034, 0x2035, 0x2036,
            0x203B, 0x203C, 0x203E, 0x203F, 0x2074, 0x2075, 0x207F, 0x2080, 0x2081, 0x2085, 0x20A9, 0x20AA, 0x20AC,
            0x20AD, 0x2103, 0x2104, 0x2105, 0x2106, 0x2109, 0x210A, 0x2113, 0x2114, 0x2116, 0x2117, 0x2121, 0x2123,
            0x2126, 0x2127, 0x212B, 0x212C, 0x2153, 0x2155, 0x215B, 0x215F, 0x2160, 0x216C, 0x2170, 0x217A, 0x2189,
            0x218A, 0x2190, 0x219A, 0x21B8, 0x21BA, 0x21D2, 0x21D3, 0x21D4, 0x21D5, 0x21E7, 0x21E8, 0x2200, 0x2201,
            0x2202, 0x2204, 0x2207, 0x2209, 0x220B, 0x220C, 0x220F, 0x2210, 0x2211, 0x2212, 0x2215, 0x2216, 0x221A,
            0x221B, 0x221D, 0x2221, 0x2223, 0x2224, 0x2225, 0x2226, 0x2227, 0x222D, 0x222E, 0x222F, 0x2234, 0x2238,
            0x223C, 0x223E, 0x2248, 0x2249, 0x224C, 0x224D, 0x2252, 0x2253, 0x2260, 0x2262, 0x2264, 0x2268, 0x226A,
            0x226C, 0x226E, 0x2270, 0x2282, 0x2284, 0x2286, 0x2288, 0x2295, 0x2296, 0x2299, 0x229A, 0x22A5, 0x22A6,
            0x22BF, 0x22C0, 0x2312, 0x2313, 0x231A, 0x231C, 0x2329, 0x232B, 0x23E9, 0x23ED, 0x23F0, 0x23F1, 0x23F3,
            0x23F4, 0x2460, 0x24EA, 0x24EB, 0x254C, 0x2550, 0x2574, 0x2580, 0x2590, 0x2592, 0x2596, 0x25A0, 0x25A2,
            0x25A3, 0x25AA, 0x25B2, 0x25B4, 0x25B6, 0x25B8, 0x25BC, 0x25BE, 0x25C0, 0x25C2, 0x25C6, 0x25C9, 0x25CB,
            0x25CC, 0x25CE, 0x25D2, 0x25E2, 0x25E6, 0x25EF, 0x25F0, 0x25FD, 0x25FF, 0x2605, 0x2607, 0x2609, 0x260A,
            0x260E, 0x2610, 0x2614, 0x2616, 0x261C, 0x261D, 0x261E, 0x261F, 0x2630, 0x2638, 0x2640, 0x2641, 0x2642,
            0x2643, 0x2648, 0x2654, 0x2660, 0x2662, 0x2663, 0x2666, 0x2667, 0x266B, 0x266C, 0x266E, 0x266F, 0x2670,
            0x267F, 0x2680, 0x268A, 0x2690, 0x2693, 0x2694, 0x269E, 0x26A0, 0x26A1, 0x26A2, 0x26AA, 0x26AC, 0x26BD,
            0x26BF, 0x26C0, 0x26C4, 0x26C6, 0x26CE, 0x26CF, 0x26D4, 0x26D5, 0x26E2, 0x26E3, 0x26E4, 0x26E8, 0x26EA,
            0x26EB, 0x26F2, 0x26F4, 0x26F5, 0x26F6, 0x26FA, 0x26FB, 0x26FD, 0x26FE, 0x2700, 0x2705, 0x2706, 0x270A,
            0x270C, 0x2728, 0x2729, 0x273D, 0x273E, 0x274C, 0x274D, 0x274E, 0x274F, 0x2753, 0x2756, 0x2757, 0x2758,
            0x2776, 0x2780, 0x2795, 0x2798, 0x27B0, 0x27B1, 0x27BF, 0x27C0, 0x27E6, 0x27EE, 0x2985, 0x2987, 0x2B1B,
            0x2B1D, 0x2B50, 0x2B51, 0x2B55, 0x2B56, 0x2B5A, 0x2E80, 0x2E9A, 0x2E9B, 0x2EF4, 0x2F00, 0x2FD6, 0x2FF0,
            0x3000, 0x3001, 0x303F, 0x3041, 0x3097, 0x3099, 0x3100, 0x3105, 0x3130, 0x3131, 0x318F, 0x3190, 0x31E6,
            0x31EF, 0x321F, 0x3220, 0x3248, 0x3250, 0xA48D, 0xA490, 0xA4C7, 0xA960, 0xA97D, 0xAC00, 0xD7A4, 0xE000,
            0xF900, 0xFB00, 0xFE00, 0xFE10, 0xFE1A, 0xFE30, 0xFE53, 0xFE54, 0xFE67, 0xFE68, 0xFE6C, 0xFF01, 0xFF61,
            0xFFBF, 0xFFC2, 0xFFC8, 0xFFCA, 0xFFD0, 0xFFD2, 0xFFD8, 0xFFDA, 0xFFDD, 0xFFE0, 0xFFE7, 0xFFE8, 0xFFEF,
            0xFFFD, 0xFFFE, 0x16FE0, 0x16FE5, 0x16FF0, 0x16FF2, 0x17000, 0x187F8, 0x18800, 0x18CD6, 0x18CFF,
            0x18D09, 0x1AFF0, 0x1AFF4, 0x1AFF5, 0x1AFFC, 0x1AFFD, 0x1AFFF, 0x1B000, 0x1B123, 0x1B132, 0x1B133,
            0x1B150, 0x1B153, 0x1B155, 0x1B156, 0x1B164, 0x1B168, 0x1B170, 0x1B2FC, 0x1D300, 0x1D357, 0x1D360,
            0x1D377, 0x1F004, 0x1F005, 0x1F0CF, 0x1F0D0, 0x1F100, 0x1F10B, 0x1F110, 0x1F12E, 0x1F130, 0x1F16A,
            0x1F170, 0x1F18E, 0x1F18F, 0x1F191, 0x1F19B, 0x1F1AD, 0x1F200, 0x1F203, 0x1F210, 0x1F23C, 0x1F240,
            0x1F249, 0x1F250, 0x1F252, 0x1F260, 0x1F266, 0x1F300, 0x1F321, 0x1F32D, 0x1F336, 0x1F337, 0x1F37D,
            0x1F37E, 0x1F394, 0x1F3A0, 0x1F3CB, 0x1F3CF, 0x1F3D4, 0x1F3E0, 0x1F3F1, 0x1F3F4, 0x1F3F5, 0x1F3F8,
            0x1F43F, 0x1F440, 0x1F441, 0x1F442, 0x1F4FD, 0x1F4FF, 0x1F53E, 0x1F54B, 0x1F54F, 0x1F550, 0x1F568,
            0x1F57A, 0x1F57B, 0x1F595, 0x1F597, 0x1F5A4, 0x1F5A5, 0x1F5FB, 0x1F650, 0x1F680, 0x1F6C6, 0x1F6CC,
            0x1F6CD, 0x1F6D0, 0x1F6D3, 0x1F6D5, 0x1F6D8, 0x1F6DC, 0x1F6E0, 0x1F6EB, 0x1F6ED, 0x1F6F4, 0x1F6FD,
            0x1F7E0, 0x1F7EC, 0x1F7F0, 0x1F7F1, 0x1F90C, 0x1F93B, 0x1F93C, 0x1F946, 0x1F947, 0x1FA00, 0x1FA70,
            0x1FA7D, 0x1FA80, 0x1FA8A, 0x1FA8F, 0x1FAC7, 0x1FACE, 0x1FADD, 0x1FADF, 0x1FAEA, 0x1FAF0, 0x1FAF9,
            0x20000, 0x2FFFE, 0x30000, 0x3FFFE, 0xE0100, 0xE01F0, 0xF0000, 0xFFFFE, 0x100000, 0x10FFFE,
        };

        private static readonly int[] EawValue =
        {
            0x0, 0x5, 0x0, 0x1, 0x5, 0x1, 0x5, 0x1, 0x0, 0x1, 0x0, 0x5, 0x1, 0x5, 0x1, 0x0, 0x1, 0x0, 0x1, 0x0,
            0x1, 0x0, 0x1, 0x0, 0x1, 0x0, 0x1, 0x0, 0x1, 0x0, 0x1, 0x0, 0x1, 0x0, 0x1, 0x0, 0x1, 0x0, 0x1, 0x0,
            0x1, 0x0, 0x1, 0x0, 0x1, 0x0, 0x1, 0x0, 0x1, 0x0, 0x1, 0x0, 0x1, 0x0, 0x1, 0x0, 0x1, 0x0, 0x1, 0x0,
            0x1, 0x0, 0x1, 0x0, 0x1, 0x0, 0x1, 0x0, 0x1, 0x0, 0x1, 0x0, 0x1, 0x0, 0x1, 0x0, 0x1, 0x0, 0x1, 0x0,
            0x1, 0x0, 0x1, 0x0, 0x1, 0x0, 0x1, 0x0, 0x1, 0x0, 0x1, 0x0, 0x1, 0x0, 0x1, 0x0, 0x1, 0x0, 0x1, 0x0,
            0x1, 0x0, 0x1, 0x0, 0x1, 0x0, 0x1, 0x0, 0x1, 0x0, 0x1, 0x0, 0x1, 0x0, 0x1, 0x0, 0x1, 0x0, 0x1, 0x0,
            0x1, 0x0, 0x1, 0x0, 0x1, 0x0, 0x3, 0x0, 0x1, 0x0, 0x1, 0x0, 0x1, 0x0, 0x1, 0x0, 0x1, 0x0, 0x1, 0x0,
            0x1, 0x0, 0x1, 0x0, 0x1, 0x0, 0x1, 0x0, 0x1, 0x0, 0x1, 0x0, 0x1, 0x0, 0x1, 0x0, 0x2, 0x0, 0x1, 0x0,
            0x1, 0x0, 0x1, 0x0, 0x1, 0x0, 0x1, 0x0, 0x1, 0x0, 0x1, 0x0, 0x1, 0x0, 0x1, 0x0, 0x1, 0x0, 0x1, 0x0,
            0x1, 0x0, 0x1, 0x0, 0x1, 0x0, 0x1, 0x0, 0x1, 0x0, 0x1, 0x0, 0x1, 0x0, 0x1, 0x0, 0x1, 0x0, 0x1, 0x0,
            0x1, 0x0, 0x1, 0x0, 0x1, 0x0, 0x1, 0x0, 0x1, 0x0, 0x1, 0x0, 0x1, 0x0, 0x1, 0x0, 0x1, 0x0, 0x1, 0x0,
            0x1, 0x0, 0x1, 0x0, 0x1, 0x0, 0x1, 0x0, 0x1, 0x0, 0x1, 0x0, 0x1, 0x0, 0x1, 0x0, 0x1, 0x0, 0x1, 0x0,
            0x1, 0x0, 0x1, 0x0, 0x1, 0x0, 0x1, 0x0, 0x1, 0x0, 0x1, 0x0, 0x1, 0x0, 0x3, 0x0, 0x3, 0x0, 0x3, 0x0,
            0x3, 0x0, 0x3, 0x0, 0x1, 0x0, 0x1, 0x0, 0x1, 0x0, 0x1, 0x0, 0x1, 0x0, 0x1, 0x0, 0x1, 0x0, 0x1, 0x0,
            0x1, 0x0, 0x1, 0x0, 0x1, 0x0, 0x1, 0x0, 0x1, 0x0, 0x1, 0x0, 0x1, 0x0, 0x1, 0x0, 0x3, 0x0, 0x1, 0x0,
            0x1, 0x0, 0x1, 0x0, 0x3, 0x0, 0x1, 0x0, 0x1, 0x0, 0x3, 0x0, 0x1, 0x0, 0x1, 0x0, 0x3, 0x0, 0x1, 0x0,
            0x1, 0x0, 0x1, 0x0, 0x1, 0x0, 0x1, 0x0, 0x3, 0x0, 0x3, 0x0, 0x3, 0x0, 0x1, 0x0, 0x3, 0x0, 0x3, 0x0,
            0x3, 0x1, 0x0, 0x3, 0x1, 0x3, 0x1, 0x3, 0x1, 0x0, 0x1, 0x0, 0x1, 0x3, 0x1, 0x3, 0x1, 0x3, 0x1, 0x3,
            0x1, 0x3, 0x1, 0x0, 0x3, 0x0, 0x3, 0x0, 0x3, 0x0, 0x1, 0x0, 0x3, 0x0, 0x3, 0x0, 0x3, 0x0, 0x3, 0x0,
            0x1, 0x0, 0x3, 0x0, 0x3, 0x0, 0x3, 0x0, 0x5, 0x0, 0x5, 0x0, 0x3, 0x0, 0x3, 0x0, 0x3, 0x1, 0x0, 0x3,
            0x0, 0x3, 0x0, 0x3, 0x0, 0x3, 0x4, 0x3, 0x0, 0x3, 0x0, 0x3, 0x0, 0x3, 0x0, 0x3, 0x0, 0x3, 0x0, 0x3,
            0x0, 0x3, 0x1, 0x3, 0x0, 0x3, 0x0, 0x3, 0x0, 0x3, 0x0, 0x1, 0x3, 0x0, 0x1, 0x3, 0x0, 0x3, 0x0, 0x3,
            0x0, 0x3, 0x0, 0x4, 0x2, 0x0, 0x2, 0x0, 0x2, 0x0, 0x2, 0x0, 0x2, 0x0, 0x4, 0x0, 0x2, 0x0, 0x1, 0x0,
            0x3, 0x0, 0x3, 0x0, 0x3, 0x0, 0x3, 0x0, 0x3, 0x0, 0x3, 0x0, 0x3, 0x0, 0x3, 0x0, 0x3, 0x0, 0x3, 0x0,
            0x3, 0x0, 0x3, 0x0, 0x3, 0x0, 0x3, 0x0, 0x3, 0x0, 0x3, 0x0, 0x3, 0x0, 0x3, 0x0, 0x1, 0x0, 0x1, 0x0,
            0x1, 0x0, 0x1, 0x3, 0x1, 0x3, 0x1, 0x0, 0x3, 0x0, 0x3, 0x0, 0x3, 0x0, 0x3, 0x0, 0x3, 0x0, 0x3, 0x0,
            0x3, 0x0, 0x3, 0x0, 0x3, 0x0, 0x3, 0x0, 0x3, 0x0, 0x3, 0x0, 0x3, 0x0, 0x3, 0x0, 0x3, 0x0, 0x3, 0x0,
            0x3, 0x0, 0x3, 0x0, 0x3, 0x0, 0x3, 0x0, 0x3, 0x0, 0x3, 0x0, 0x3, 0x0, 0x3, 0x0, 0x3, 0x0, 0x3, 0x0,
            0x3, 0x0, 0x3, 0x0, 0x3, 0x0, 0x3, 0x0, 0x3, 0x0, 0x3, 0x0, 0x3, 0x0, 0x3, 0x0, 0x3, 0x0, 0x3, 0x0,
            0x3, 0x0, 0x3, 0x0, 0x3, 0x0, 0x3, 0x0, 0x3, 0x0, 0x3, 0x0, 0x3, 0x0, 0x1, 0x0, 0x1, 0x0, 0x1, 0x0,
        };

        // Canonical combining class: the non-zero runs [CccStart[i], CccEnd[i]] with class CccValue[i].
        private static readonly int[] CccStart =
        {
            0x300, 0x315, 0x316, 0x31A, 0x31B, 0x31C, 0x321, 0x323, 0x327, 0x329, 0x334, 0x339, 0x33D, 0x345,
            0x346, 0x347, 0x34A, 0x34D, 0x350, 0x353, 0x357, 0x358, 0x359, 0x35B, 0x35C, 0x35D, 0x35F, 0x360,
            0x362, 0x363, 0x483, 0x591, 0x592, 0x596, 0x597, 0x59A, 0x59B, 0x59C, 0x5A2, 0x5A8, 0x5AA, 0x5AB,
            0x5AD, 0x5AE, 0x5AF, 0x5B0, 0x5B1, 0x5B2, 0x5B3, 0x5B4, 0x5B5, 0x5B6, 0x5B7, 0x5B8, 0x5B9, 0x5BB,
            0x5BC, 0x5BD, 0x5BF, 0x5C1, 0x5C2, 0x5C4, 0x5C5, 0x5C7, 0x610, 0x618, 0x619, 0x61A, 0x64B, 0x64C,
            0x64D, 0x64E, 0x64F, 0x650, 0x651, 0x652, 0x653, 0x655, 0x657, 0x65C, 0x65D, 0x65F, 0x670, 0x6D6,
            0x6DF, 0x6E3, 0x6E4, 0x6E7, 0x6EA, 0x6EB, 0x6ED, 0x711, 0x730, 0x731, 0x732, 0x734, 0x735, 0x737,
            0x73A, 0x73B, 0x73D, 0x73E, 0x73F, 0x742, 0x743, 0x744, 0x745, 0x746, 0x747, 0x748, 0x749, 0x7EB,
            0x7F2, 0x7F3, 0x7FD, 0x816, 0x81B, 0x825, 0x829, 0x859, 0x897, 0x899, 0x89C, 0x8CA, 0x8CF, 0x8D4,
            0x8E3, 0x8E4, 0x8E6, 0x8E7, 0x8E9, 0x8EA, 0x8ED, 0x8F0, 0x8F1, 0x8F2, 0x8F3, 0x8F6, 0x8F7, 0x8F9,
            0x8FB, 0x93C, 0x94D, 0x951, 0x952, 0x953, 0x9BC, 0x9CD, 0x9FE, 0xA3C, 0xA4D, 0xABC, 0xACD, 0xB3C,
            0xB4D, 0xBCD, 0xC3C, 0xC4D, 0xC55, 0xC56, 0xCBC, 0xCCD, 0xD3B, 0xD4D, 0xDCA, 0xE38, 0xE3A, 0xE48,
            0xEB8, 0xEBA, 0xEC8, 0xF18, 0xF35, 0xF37, 0xF39, 0xF71, 0xF72, 0xF74, 0xF7A, 0xF80, 0xF82, 0xF84,
            0xF86, 0xFC6, 0x1037, 0x1039, 0x108D, 0x135D, 0x1714, 0x1734, 0x17D2, 0x17DD, 0x18A9, 0x1939, 0x193A,
            0x193B, 0x1A17, 0x1A18, 0x1A60, 0x1A75, 0x1A7F, 0x1AB0, 0x1AB5, 0x1ABB, 0x1ABD, 0x1ABF, 0x1AC1, 0x1AC3,
            0x1AC5, 0x1ACA, 0x1ACB, 0x1B34, 0x1B44, 0x1B6B, 0x1B6C, 0x1B6D, 0x1BAA, 0x1BE6, 0x1BF2, 0x1C37, 0x1CD0,
            0x1CD4, 0x1CD5, 0x1CDA, 0x1CDC, 0x1CE0, 0x1CE2, 0x1CED, 0x1CF4, 0x1CF8, 0x1DC0, 0x1DC2, 0x1DC3, 0x1DCA,
            0x1DCB, 0x1DCD, 0x1DCE, 0x1DCF, 0x1DD0, 0x1DD1, 0x1DF6, 0x1DF7, 0x1DF9, 0x1DFA, 0x1DFB, 0x1DFC, 0x1DFD,
            0x1DFE, 0x1DFF, 0x20D0, 0x20D2, 0x20D4, 0x20D8, 0x20DB, 0x20E1, 0x20E5, 0x20E7, 0x20E8, 0x20E9, 0x20EA,
            0x20EC, 0x20F0, 0x2CEF, 0x2D7F, 0x2DE0, 0x302A, 0x302B, 0x302C, 0x302D, 0x302E, 0x3099, 0xA66F, 0xA674,
            0xA69E, 0xA6F0, 0xA806, 0xA82C, 0xA8C4, 0xA8E0, 0xA92B, 0xA953, 0xA9B3, 0xA9C0, 0xAAB0, 0xAAB2, 0xAAB4,
            0xAAB7, 0xAABE, 0xAAC1, 0xAAF6, 0xABED, 0xFB1E, 0xFE20, 0xFE27, 0xFE2E, 0x101FD, 0x102E0, 0x10376,
            0x10A0D, 0x10A0F, 0x10A38, 0x10A39, 0x10A3A, 0x10A3F, 0x10AE5, 0x10AE6, 0x10D24, 0x10D69, 0x10EAB,
            0x10EFD, 0x10F46, 0x10F48, 0x10F4B, 0x10F4C, 0x10F4D, 0x10F82, 0x10F83, 0x10F84, 0x10F85, 0x11046,
            0x11070, 0x1107F, 0x110B9, 0x110BA, 0x11100, 0x11133, 0x11173, 0x111C0, 0x111CA, 0x11235, 0x11236,
            0x112E9, 0x112EA, 0x1133B, 0x1134D, 0x11366, 0x11370, 0x113CE, 0x11442, 0x11446, 0x1145E, 0x114C2,
            0x114C3, 0x115BF, 0x115C0, 0x1163F, 0x116B6, 0x116B7, 0x1172B, 0x11839, 0x1183A, 0x1193D, 0x11943,
            0x119E0, 0x11A34, 0x11A47, 0x11A99, 0x11C3F, 0x11D42, 0x11D44, 0x11D97, 0x11F41, 0x1612F, 0x16AF0,
            0x16B30, 0x16FF0, 0x1BC9E, 0x1D165, 0x1D167, 0x1D16D, 0x1D16E, 0x1D17B, 0x1D185, 0x1D18A, 0x1D1AA,
            0x1D242, 0x1E000, 0x1E008, 0x1E01B, 0x1E023, 0x1E026, 0x1E08F, 0x1E130, 0x1E2AE, 0x1E2EC, 0x1E4EC,
            0x1E4EE, 0x1E4EF, 0x1E5EE, 0x1E5EF, 0x1E8D0, 0x1E944, 0x1E94A,
        };

        private static readonly int[] CccEnd =
        {
            0x314, 0x315, 0x319, 0x31A, 0x31B, 0x320, 0x322, 0x326, 0x328, 0x333, 0x338, 0x33C, 0x344, 0x345,
            0x346, 0x349, 0x34C, 0x34E, 0x352, 0x356, 0x357, 0x358, 0x35A, 0x35B, 0x35C, 0x35E, 0x35F, 0x361,
            0x362, 0x36F, 0x487, 0x591, 0x595, 0x596, 0x599, 0x59A, 0x59B, 0x5A1, 0x5A7, 0x5A9, 0x5AA, 0x5AC,
            0x5AD, 0x5AE, 0x5AF, 0x5B0, 0x5B1, 0x5B2, 0x5B3, 0x5B4, 0x5B5, 0x5B6, 0x5B7, 0x5B8, 0x5BA, 0x5BB,
            0x5BC, 0x5BD, 0x5BF, 0x5C1, 0x5C2, 0x5C4, 0x5C5, 0x5C7, 0x617, 0x618, 0x619, 0x61A, 0x64B, 0x64C,
            0x64D, 0x64E, 0x64F, 0x650, 0x651, 0x652, 0x654, 0x656, 0x65B, 0x65C, 0x65E, 0x65F, 0x670, 0x6DC,
            0x6E2, 0x6E3, 0x6E4, 0x6E8, 0x6EA, 0x6EC, 0x6ED, 0x711, 0x730, 0x731, 0x733, 0x734, 0x736, 0x739,
            0x73A, 0x73C, 0x73D, 0x73E, 0x741, 0x742, 0x743, 0x744, 0x745, 0x746, 0x747, 0x748, 0x74A, 0x7F1,
            0x7F2, 0x7F3, 0x7FD, 0x819, 0x823, 0x827, 0x82D, 0x85B, 0x898, 0x89B, 0x89F, 0x8CE, 0x8D3, 0x8E1,
            0x8E3, 0x8E5, 0x8E6, 0x8E8, 0x8E9, 0x8EC, 0x8EF, 0x8F0, 0x8F1, 0x8F2, 0x8F5, 0x8F6, 0x8F8, 0x8FA,
            0x8FF, 0x93C, 0x94D, 0x951, 0x952, 0x954, 0x9BC, 0x9CD, 0x9FE, 0xA3C, 0xA4D, 0xABC, 0xACD, 0xB3C,
            0xB4D, 0xBCD, 0xC3C, 0xC4D, 0xC55, 0xC56, 0xCBC, 0xCCD, 0xD3C, 0xD4D, 0xDCA, 0xE39, 0xE3A, 0xE4B,
            0xEB9, 0xEBA, 0xECB, 0xF19, 0xF35, 0xF37, 0xF39, 0xF71, 0xF72, 0xF74, 0xF7D, 0xF80, 0xF83, 0xF84,
            0xF87, 0xFC6, 0x1037, 0x103A, 0x108D, 0x135F, 0x1715, 0x1734, 0x17D2, 0x17DD, 0x18A9, 0x1939, 0x193A,
            0x193B, 0x1A17, 0x1A18, 0x1A60, 0x1A7C, 0x1A7F, 0x1AB4, 0x1ABA, 0x1ABC, 0x1ABD, 0x1AC0, 0x1AC2, 0x1AC4,
            0x1AC9, 0x1ACA, 0x1ACE, 0x1B34, 0x1B44, 0x1B6B, 0x1B6C, 0x1B73, 0x1BAB, 0x1BE6, 0x1BF3, 0x1C37, 0x1CD2,
            0x1CD4, 0x1CD9, 0x1CDB, 0x1CDF, 0x1CE0, 0x1CE8, 0x1CED, 0x1CF4, 0x1CF9, 0x1DC1, 0x1DC2, 0x1DC9, 0x1DCA,
            0x1DCC, 0x1DCD, 0x1DCE, 0x1DCF, 0x1DD0, 0x1DF5, 0x1DF6, 0x1DF8, 0x1DF9, 0x1DFA, 0x1DFB, 0x1DFC, 0x1DFD,
            0x1DFE, 0x1DFF, 0x20D1, 0x20D3, 0x20D7, 0x20DA, 0x20DC, 0x20E1, 0x20E6, 0x20E7, 0x20E8, 0x20E9, 0x20EB,
            0x20EF, 0x20F0, 0x2CF1, 0x2D7F, 0x2DFF, 0x302A, 0x302B, 0x302C, 0x302D, 0x302F, 0x309A, 0xA66F, 0xA67D,
            0xA69F, 0xA6F1, 0xA806, 0xA82C, 0xA8C4, 0xA8F1, 0xA92D, 0xA953, 0xA9B3, 0xA9C0, 0xAAB0, 0xAAB3, 0xAAB4,
            0xAAB8, 0xAABF, 0xAAC1, 0xAAF6, 0xABED, 0xFB1E, 0xFE26, 0xFE2D, 0xFE2F, 0x101FD, 0x102E0, 0x1037A,
            0x10A0D, 0x10A0F, 0x10A38, 0x10A39, 0x10A3A, 0x10A3F, 0x10AE5, 0x10AE6, 0x10D27, 0x10D6D, 0x10EAC,
            0x10EFF, 0x10F47, 0x10F4A, 0x10F4B, 0x10F4C, 0x10F50, 0x10F82, 0x10F83, 0x10F84, 0x10F85, 0x11046,
            0x11070, 0x1107F, 0x110B9, 0x110BA, 0x11102, 0x11134, 0x11173, 0x111C0, 0x111CA, 0x11235, 0x11236,
            0x112E9, 0x112EA, 0x1133C, 0x1134D, 0x1136C, 0x11374, 0x113D0, 0x11442, 0x11446, 0x1145E, 0x114C2,
            0x114C3, 0x115BF, 0x115C0, 0x1163F, 0x116B6, 0x116B7, 0x1172B, 0x11839, 0x1183A, 0x1193E, 0x11943,
            0x119E0, 0x11A34, 0x11A47, 0x11A99, 0x11C3F, 0x11D42, 0x11D45, 0x11D97, 0x11F42, 0x1612F, 0x16AF4,
            0x16B36, 0x16FF1, 0x1BC9E, 0x1D166, 0x1D169, 0x1D16D, 0x1D172, 0x1D182, 0x1D189, 0x1D18B, 0x1D1AD,
            0x1D244, 0x1E006, 0x1E018, 0x1E021, 0x1E024, 0x1E02A, 0x1E08F, 0x1E136, 0x1E2AE, 0x1E2EF, 0x1E4ED,
            0x1E4EE, 0x1E4EF, 0x1E5EE, 0x1E5EF, 0x1E8D6, 0x1E949, 0x1E94A,
        };

        private static readonly int[] CccValue =
        {
            0xE6, 0xE8, 0xDC, 0xE8, 0xD8, 0xDC, 0xCA, 0xDC, 0xCA, 0xDC, 0x1, 0xDC, 0xE6, 0xF0, 0xE6, 0xDC, 0xE6,
            0xDC, 0xE6, 0xDC, 0xE6, 0xE8, 0xDC, 0xE6, 0xE9, 0xEA, 0xE9, 0xEA, 0xE9, 0xE6, 0xE6, 0xDC, 0xE6, 0xDC,
            0xE6, 0xDE, 0xDC, 0xE6, 0xDC, 0xE6, 0xDC, 0xE6, 0xDE, 0xE4, 0xE6, 0xA, 0xB, 0xC, 0xD, 0xE, 0xF, 0x10,
            0x11, 0x12, 0x13, 0x14, 0x15, 0x16, 0x17, 0x18, 0x19, 0xE6, 0xDC, 0x12, 0xE6, 0x1E, 0x1F, 0x20, 0x1B,
            0x1C, 0x1D, 0x1E, 0x1F, 0x20, 0x21, 0x22, 0xE6, 0xDC, 0xE6, 0xDC, 0xE6, 0xDC, 0x23, 0xE6, 0xE6, 0xDC,
            0xE6, 0xE6, 0xDC, 0xE6, 0xDC, 0x24, 0xE6, 0xDC, 0xE6, 0xDC, 0xE6, 0xDC, 0xE6, 0xDC, 0xE6, 0xDC, 0xE6,
            0xDC, 0xE6, 0xDC, 0xE6, 0xDC, 0xE6, 0xDC, 0xE6, 0xE6, 0xDC, 0xE6, 0xDC, 0xE6, 0xE6, 0xE6, 0xE6, 0xDC,
            0xE6, 0xDC, 0xE6, 0xE6, 0xDC, 0xE6, 0xDC, 0xE6, 0xDC, 0xE6, 0xDC, 0xE6, 0xDC, 0x1B, 0x1C, 0x1D, 0xE6,
            0xDC, 0xE6, 0xDC, 0xE6, 0x7, 0x9, 0xE6, 0xDC, 0xE6, 0x7, 0x9, 0xE6, 0x7, 0x9, 0x7, 0x9, 0x7, 0x9, 0x9,
            0x7, 0x9, 0x54, 0x5B, 0x7, 0x9, 0x9, 0x9, 0x9, 0x67, 0x9, 0x6B, 0x76, 0x9, 0x7A, 0xDC, 0xDC, 0xDC,
            0xD8, 0x81, 0x82, 0x84, 0x82, 0x82, 0xE6, 0x9, 0xE6, 0xDC, 0x7, 0x9, 0xDC, 0xE6, 0x9, 0x9, 0x9, 0xE6,
            0xE4, 0xDE, 0xE6, 0xDC, 0xE6, 0xDC, 0x9, 0xE6, 0xDC, 0xE6, 0xDC, 0xE6, 0xDC, 0xDC, 0xE6, 0xDC, 0xE6,
            0xDC, 0xE6, 0x7, 0x9, 0xE6, 0xDC, 0xE6, 0x9, 0x7, 0x9, 0x7, 0xE6, 0x1, 0xDC, 0xE6, 0xDC, 0xE6, 0x1,
            0xDC, 0xE6, 0xE6, 0xE6, 0xDC, 0xE6, 0xDC, 0xE6, 0xEA, 0xD6, 0xDC, 0xCA, 0xE6, 0xE8, 0xE4, 0xDC, 0xDA,
            0xE6, 0xE9, 0xDC, 0xE6, 0xDC, 0xE6, 0x1, 0xE6, 0x1, 0xE6, 0xE6, 0x1, 0xE6, 0xDC, 0xE6, 0x1, 0xDC, 0xE6,
            0xE6, 0x9, 0xE6, 0xDA, 0xE4, 0xE8, 0xDE, 0xE0, 0x8, 0xE6, 0xE6, 0xE6, 0xE6, 0x9, 0x9, 0x9, 0xE6, 0xDC,
            0x9, 0x7, 0x9, 0xE6, 0xE6, 0xDC, 0xE6, 0xE6, 0xE6, 0x9, 0x9, 0x1A, 0xE6, 0xDC, 0xE6, 0xDC, 0xDC, 0xE6,
            0xDC, 0xE6, 0xE6, 0x1, 0xDC, 0x9, 0xE6, 0xDC, 0xE6, 0xE6, 0xE6, 0xDC, 0xDC, 0xE6, 0xDC, 0xE6, 0xDC,
            0xE6, 0xDC, 0xE6, 0xDC, 0x9, 0x9, 0x9, 0x9, 0x7, 0xE6, 0x9, 0x7, 0x9, 0x7, 0x9, 0x7, 0x7, 0x9, 0x7,
            0x9, 0xE6, 0xE6, 0x9, 0x9, 0x7, 0xE6, 0x9, 0x7, 0x9, 0x7, 0x9, 0x9, 0x7, 0x9, 0x9, 0x7, 0x9, 0x7, 0x9,
            0x9, 0x9, 0x9, 0x9, 0x7, 0x9, 0x9, 0x9, 0x9, 0x1, 0xE6, 0x6, 0x1, 0xD8, 0x1, 0xE2, 0xD8, 0xDC, 0xE6,
            0xDC, 0xE6, 0xE6, 0xE6, 0xE6, 0xE6, 0xE6, 0xE6, 0xE6, 0xE6, 0xE6, 0xE6, 0xE8, 0xDC, 0xE6, 0xE6, 0xDC,
            0xDC, 0xE6, 0x7,
        };

        // Bidi class as runs: BidiStart[i] opens a run of class BidiCodes[BidiValue[i]] ("" = unassigned).
        private static readonly string[] BidiCodes =
        {
            "", "\u0042\u004E", "\u0053", "\u0042", "\u0057\u0053", "\u004F\u004E", "\u0045\u0054", "\u0045\u0053", "\u0043\u0053", "\u0045\u004E", "\u004C", "\u004E\u0053\u004D", "\u0052", "\u0041\u004E", "\u0041\u004C", "\u004C\u0052\u0045", "\u0052\u004C\u0045", "\u0050\u0044\u0046", "\u004C\u0052\u004F", "\u0052\u004C\u004F", "\u004C\u0052\u0049", "\u0052\u004C\u0049", "\u0046\u0053\u0049", "\u0050\u0044\u0049",
        };

        private static readonly int[] BidiStart =
        {
            0x0, 0x9, 0xA, 0xB, 0xC, 0xD, 0xE, 0x1C, 0x1F, 0x20, 0x21, 0x23, 0x26, 0x2B, 0x2C, 0x2D, 0x2E, 0x30,
            0x3A, 0x3B, 0x41, 0x5B, 0x61, 0x7B, 0x7F, 0x85, 0x86, 0xA0, 0xA1, 0xA2, 0xA6, 0xAA, 0xAB, 0xAD, 0xAE,
            0xB0, 0xB2, 0xB4, 0xB5, 0xB6, 0xB9, 0xBA, 0xBB, 0xC0, 0xD7, 0xD8, 0xF7, 0xF8, 0x2B9, 0x2BB, 0x2C2,
            0x2D0, 0x2D2, 0x2E0, 0x2E5, 0x2EE, 0x2EF, 0x300, 0x370, 0x374, 0x376, 0x378, 0x37A, 0x37E, 0x37F,
            0x380, 0x384, 0x386, 0x387, 0x388, 0x38B, 0x38C, 0x38D, 0x38E, 0x3A2, 0x3A3, 0x3F6, 0x3F7, 0x483,
            0x48A, 0x530, 0x531, 0x557, 0x559, 0x58A, 0x58B, 0x58D, 0x58F, 0x590, 0x591, 0x5BE, 0x5BF, 0x5C0,
            0x5C1, 0x5C3, 0x5C4, 0x5C6, 0x5C7, 0x5C8, 0x5D0, 0x5EB, 0x5EF, 0x5F5, 0x600, 0x606, 0x608, 0x609,
            0x60B, 0x60C, 0x60D, 0x60E, 0x610, 0x61B, 0x64B, 0x660, 0x66A, 0x66B, 0x66D, 0x670, 0x671, 0x6D6,
            0x6DD, 0x6DE, 0x6DF, 0x6E5, 0x6E7, 0x6E9, 0x6EA, 0x6EE, 0x6F0, 0x6FA, 0x70E, 0x70F, 0x711, 0x712,
            0x730, 0x74B, 0x74D, 0x7A6, 0x7B1, 0x7B2, 0x7C0, 0x7EB, 0x7F4, 0x7F6, 0x7FA, 0x7FB, 0x7FD, 0x7FE,
            0x816, 0x81A, 0x81B, 0x824, 0x825, 0x828, 0x829, 0x82E, 0x830, 0x83F, 0x840, 0x859, 0x85C, 0x85E,
            0x85F, 0x860, 0x86B, 0x870, 0x88F, 0x890, 0x892, 0x897, 0x8A0, 0x8CA, 0x8E2, 0x8E3, 0x903, 0x93A,
            0x93B, 0x93C, 0x93D, 0x941, 0x949, 0x94D, 0x94E, 0x951, 0x958, 0x962, 0x964, 0x981, 0x982, 0x984,
            0x985, 0x98D, 0x98F, 0x991, 0x993, 0x9A9, 0x9AA, 0x9B1, 0x9B2, 0x9B3, 0x9B6, 0x9BA, 0x9BC, 0x9BD,
            0x9C1, 0x9C5, 0x9C7, 0x9C9, 0x9CB, 0x9CD, 0x9CE, 0x9CF, 0x9D7, 0x9D8, 0x9DC, 0x9DE, 0x9DF, 0x9E2,
            0x9E4, 0x9E6, 0x9F2, 0x9F4, 0x9FB, 0x9FC, 0x9FE, 0x9FF, 0xA01, 0xA03, 0xA04, 0xA05, 0xA0B, 0xA0F,
            0xA11, 0xA13, 0xA29, 0xA2A, 0xA31, 0xA32, 0xA34, 0xA35, 0xA37, 0xA38, 0xA3A, 0xA3C, 0xA3D, 0xA3E,
            0xA41, 0xA43, 0xA47, 0xA49, 0xA4B, 0xA4E, 0xA51, 0xA52, 0xA59, 0xA5D, 0xA5E, 0xA5F, 0xA66, 0xA70,
            0xA72, 0xA75, 0xA76, 0xA77, 0xA81, 0xA83, 0xA84, 0xA85, 0xA8E, 0xA8F, 0xA92, 0xA93, 0xAA9, 0xAAA,
            0xAB1, 0xAB2, 0xAB4, 0xAB5, 0xABA, 0xABC, 0xABD, 0xAC1, 0xAC6, 0xAC7, 0xAC9, 0xACA, 0xACB, 0xACD,
            0xACE, 0xAD0, 0xAD1, 0xAE0, 0xAE2, 0xAE4, 0xAE6, 0xAF1, 0xAF2, 0xAF9, 0xAFA, 0xB00, 0xB01, 0xB02,
            0xB04, 0xB05, 0xB0D, 0xB0F, 0xB11, 0xB13, 0xB29, 0xB2A, 0xB31, 0xB32, 0xB34, 0xB35, 0xB3A, 0xB3C,
            0xB3D, 0xB3F, 0xB40, 0xB41, 0xB45, 0xB47, 0xB49, 0xB4B, 0xB4D, 0xB4E, 0xB55, 0xB57, 0xB58, 0xB5C,
            0xB5E, 0xB5F, 0xB62, 0xB64, 0xB66, 0xB78, 0xB82, 0xB83, 0xB84, 0xB85, 0xB8B, 0xB8E, 0xB91, 0xB92,
            0xB96, 0xB99, 0xB9B, 0xB9C, 0xB9D, 0xB9E, 0xBA0, 0xBA3, 0xBA5, 0xBA8, 0xBAB, 0xBAE, 0xBBA, 0xBBE,
            0xBC0, 0xBC1, 0xBC3, 0xBC6, 0xBC9, 0xBCA, 0xBCD, 0xBCE, 0xBD0, 0xBD1, 0xBD7, 0xBD8, 0xBE6, 0xBF3,
            0xBF9, 0xBFA, 0xBFB, 0xC00, 0xC01, 0xC04, 0xC05, 0xC0D, 0xC0E, 0xC11, 0xC12, 0xC29, 0xC2A, 0xC3A,
            0xC3C, 0xC3D, 0xC3E, 0xC41, 0xC45, 0xC46, 0xC49, 0xC4A, 0xC4E, 0xC55, 0xC57, 0xC58, 0xC5B, 0xC5D,
            0xC5E, 0xC60, 0xC62, 0xC64, 0xC66, 0xC70, 0xC77, 0xC78, 0xC7F, 0xC81, 0xC82, 0xC8D, 0xC8E, 0xC91,
            0xC92, 0xCA9, 0xCAA, 0xCB4, 0xCB5, 0xCBA, 0xCBC, 0xCBD, 0xCC5, 0xCC6, 0xCC9, 0xCCA, 0xCCC, 0xCCE,
            0xCD5, 0xCD7, 0xCDD, 0xCDF, 0xCE0, 0xCE2, 0xCE4, 0xCE6, 0xCF0, 0xCF1, 0xCF4, 0xD00, 0xD02, 0xD0D,
            0xD0E, 0xD11, 0xD12, 0xD3B, 0xD3D, 0xD41, 0xD45, 0xD46, 0xD49, 0xD4A, 0xD4D, 0xD4E, 0xD50, 0xD54,
            0xD62, 0xD64, 0xD66, 0xD80, 0xD81, 0xD82, 0xD84, 0xD85, 0xD97, 0xD9A, 0xDB2, 0xDB3, 0xDBC, 0xDBD,
            0xDBE, 0xDC0, 0xDC7, 0xDCA, 0xDCB, 0xDCF, 0xDD2, 0xDD5, 0xDD6, 0xDD7, 0xDD8, 0xDE0, 0xDE6, 0xDF0,
            0xDF2, 0xDF5, 0xE01, 0xE31, 0xE32, 0xE34, 0xE3B, 0xE3F, 0xE40, 0xE47, 0xE4F, 0xE5C, 0xE81, 0xE83,
            0xE84, 0xE85, 0xE86, 0xE8B, 0xE8C, 0xEA4, 0xEA5, 0xEA6, 0xEA7, 0xEB1, 0xEB2, 0xEB4, 0xEBD, 0xEBE,
            0xEC0, 0xEC5, 0xEC6, 0xEC7, 0xEC8, 0xECF, 0xED0, 0xEDA, 0xEDC, 0xEE0, 0xF00, 0xF18, 0xF1A, 0xF35,
            0xF36, 0xF37, 0xF38, 0xF39, 0xF3A, 0xF3E, 0xF48, 0xF49, 0xF6D, 0xF71, 0xF7F, 0xF80, 0xF85, 0xF86,
            0xF88, 0xF8D, 0xF98, 0xF99, 0xFBD, 0xFBE, 0xFC6, 0xFC7, 0xFCD, 0xFCE, 0xFDB, 0x1000, 0x102D, 0x1031,
            0x1032, 0x1038, 0x1039, 0x103B, 0x103D, 0x103F, 0x1058, 0x105A, 0x105E, 0x1061, 0x1071, 0x1075, 0x1082,
            0x1083, 0x1085, 0x1087, 0x108D, 0x108E, 0x109D, 0x109E, 0x10C6, 0x10C7, 0x10C8, 0x10CD, 0x10CE, 0x10D0,
            0x1249, 0x124A, 0x124E, 0x1250, 0x1257, 0x1258, 0x1259, 0x125A, 0x125E, 0x1260, 0x1289, 0x128A, 0x128E,
            0x1290, 0x12B1, 0x12B2, 0x12B6, 0x12B8, 0x12BF, 0x12C0, 0x12C1, 0x12C2, 0x12C6, 0x12C8, 0x12D7, 0x12D8,
            0x1311, 0x1312, 0x1316, 0x1318, 0x135B, 0x135D, 0x1360, 0x137D, 0x1380, 0x1390, 0x139A, 0x13A0, 0x13F6,
            0x13F8, 0x13FE, 0x1400, 0x1401, 0x1680, 0x1681, 0x169B, 0x169D, 0x16A0, 0x16F9, 0x1700, 0x1712, 0x1715,
            0x1716, 0x171F, 0x1732, 0x1734, 0x1737, 0x1740, 0x1752, 0x1754, 0x1760, 0x176D, 0x176E, 0x1771, 0x1772,
            0x1774, 0x1780, 0x17B4, 0x17B6, 0x17B7, 0x17BE, 0x17C6, 0x17C7, 0x17C9, 0x17D4, 0x17DB, 0x17DC, 0x17DD,
            0x17DE, 0x17E0, 0x17EA, 0x17F0, 0x17FA, 0x1800, 0x180B, 0x180E, 0x180F, 0x1810, 0x181A, 0x1820, 0x1879,
            0x1880, 0x1885, 0x1887, 0x18A9, 0x18AA, 0x18AB, 0x18B0, 0x18F6, 0x1900, 0x191F, 0x1920, 0x1923, 0x1927,
            0x1929, 0x192C, 0x1930, 0x1932, 0x1933, 0x1939, 0x193C, 0x1940, 0x1941, 0x1944, 0x1946, 0x196E, 0x1970,
            0x1975, 0x1980, 0x19AC, 0x19B0, 0x19CA, 0x19D0, 0x19DB, 0x19DE, 0x1A00, 0x1A17, 0x1A19, 0x1A1B, 0x1A1C,
            0x1A1E, 0x1A56, 0x1A57, 0x1A58, 0x1A5F, 0x1A60, 0x1A61, 0x1A62, 0x1A63, 0x1A65, 0x1A6D, 0x1A73, 0x1A7D,
            0x1A7F, 0x1A80, 0x1A8A, 0x1A90, 0x1A9A, 0x1AA0, 0x1AAE, 0x1AB0, 0x1ACF, 0x1B00, 0x1B04, 0x1B34, 0x1B35,
            0x1B36, 0x1B3B, 0x1B3C, 0x1B3D, 0x1B42, 0x1B43, 0x1B4D, 0x1B4E, 0x1B6B, 0x1B74, 0x1B80, 0x1B82, 0x1BA2,
            0x1BA6, 0x1BA8, 0x1BAA, 0x1BAB, 0x1BAE, 0x1BE6, 0x1BE7, 0x1BE8, 0x1BEA, 0x1BED, 0x1BEE, 0x1BEF, 0x1BF2,
            0x1BF4, 0x1BFC, 0x1C2C, 0x1C34, 0x1C36, 0x1C38, 0x1C3B, 0x1C4A, 0x1C4D, 0x1C8B, 0x1C90, 0x1CBB, 0x1CBD,
            0x1CC8, 0x1CD0, 0x1CD3, 0x1CD4, 0x1CE1, 0x1CE2, 0x1CE9, 0x1CED, 0x1CEE, 0x1CF4, 0x1CF5, 0x1CF8, 0x1CFA,
            0x1CFB, 0x1D00, 0x1DC0, 0x1E00, 0x1F16, 0x1F18, 0x1F1E, 0x1F20, 0x1F46, 0x1F48, 0x1F4E, 0x1F50, 0x1F58,
            0x1F59, 0x1F5A, 0x1F5B, 0x1F5C, 0x1F5D, 0x1F5E, 0x1F5F, 0x1F7E, 0x1F80, 0x1FB5, 0x1FB6, 0x1FBD, 0x1FBE,
            0x1FBF, 0x1FC2, 0x1FC5, 0x1FC6, 0x1FCD, 0x1FD0, 0x1FD4, 0x1FD6, 0x1FDC, 0x1FDD, 0x1FE0, 0x1FED, 0x1FF0,
            0x1FF2, 0x1FF5, 0x1FF6, 0x1FFD, 0x1FFF, 0x2000, 0x200B, 0x200E, 0x200F, 0x2010, 0x2028, 0x2029, 0x202A,
            0x202B, 0x202C, 0x202D, 0x202E, 0x202F, 0x2030, 0x2035, 0x2044, 0x2045, 0x205F, 0x2060, 0x2065, 0x2066,
            0x2067, 0x2068, 0x2069, 0x206A, 0x2070, 0x2071, 0x2072, 0x2074, 0x207A, 0x207C, 0x207F, 0x2080, 0x208A,
            0x208C, 0x208F, 0x2090, 0x209D, 0x20A0, 0x20C1, 0x20D0, 0x20F1, 0x2100, 0x2102, 0x2103, 0x2107, 0x2108,
            0x210A, 0x2114, 0x2115, 0x2116, 0x2119, 0x211E, 0x2124, 0x2125, 0x2126, 0x2127, 0x2128, 0x2129, 0x212A,
            0x212E, 0x212F, 0x213A, 0x213C, 0x2140, 0x2145, 0x214A, 0x214E, 0x2150, 0x2160, 0x2189, 0x218C, 0x2190,
            0x2212, 0x2213, 0x2214, 0x2336, 0x237B, 0x2395, 0x2396, 0x242A, 0x2440, 0x244B, 0x2460, 0x2488, 0x249C,
            0x24EA, 0x26AC, 0x26AD, 0x2800, 0x2900, 0x2B74, 0x2B76, 0x2B96, 0x2B97, 0x2C00, 0x2CE5, 0x2CEB, 0x2CEF,
            0x2CF2, 0x2CF4, 0x2CF9, 0x2D00, 0x2D26, 0x2D27, 0x2D28, 0x2D2D, 0x2D2E, 0x2D30, 0x2D68, 0x2D6F, 0x2D71,
            0x2D7F, 0x2D80, 0x2D97, 0x2DA0, 0x2DA7, 0x2DA8, 0x2DAF, 0x2DB0, 0x2DB7, 0x2DB8, 0x2DBF, 0x2DC0, 0x2DC7,
            0x2DC8, 0x2DCF, 0x2DD0, 0x2DD7, 0x2DD8, 0x2DDF, 0x2DE0, 0x2E00, 0x2E5E, 0x2E80, 0x2E9A, 0x2E9B, 0x2EF4,
            0x2F00, 0x2FD6, 0x2FF0, 0x3000, 0x3001, 0x3005, 0x3008, 0x3021, 0x302A, 0x302E, 0x3030, 0x3031, 0x3036,
            0x3038, 0x303D, 0x3040, 0x3041, 0x3097, 0x3099, 0x309B, 0x309D, 0x30A0, 0x30A1, 0x30FB, 0x30FC, 0x3100,
            0x3105, 0x3130, 0x3131, 0x318F, 0x3190, 0x31C0, 0x31E6, 0x31EF, 0x31F0, 0x321D, 0x321F, 0x3220, 0x3250,
            0x3260, 0x327C, 0x327F, 0x32B1, 0x32C0, 0x32CC, 0x32D0, 0x3377, 0x337B, 0x33DE, 0x33E0, 0x33FF, 0x3400,
            0x4DC0, 0x4E00, 0xA48D, 0xA490, 0xA4C7, 0xA4D0, 0xA60D, 0xA610, 0xA62C, 0xA640, 0xA66F, 0xA673, 0xA674,
            0xA67E, 0xA680, 0xA69E, 0xA6A0, 0xA6F0, 0xA6F2, 0xA6F8, 0xA700, 0xA722, 0xA788, 0xA789, 0xA7CE, 0xA7D0,
            0xA7D2, 0xA7D3, 0xA7D4, 0xA7D5, 0xA7DD, 0xA7F2, 0xA802, 0xA803, 0xA806, 0xA807, 0xA80B, 0xA80C, 0xA825,
            0xA827, 0xA828, 0xA82C, 0xA82D, 0xA830, 0xA838, 0xA83A, 0xA840, 0xA874, 0xA878, 0xA880, 0xA8C4, 0xA8C6,
            0xA8CE, 0xA8DA, 0xA8E0, 0xA8F2, 0xA8FF, 0xA900, 0xA926, 0xA92E, 0xA947, 0xA952, 0xA954, 0xA95F, 0xA97D,
            0xA980, 0xA983, 0xA9B3, 0xA9B4, 0xA9B6, 0xA9BA, 0xA9BC, 0xA9BE, 0xA9CE, 0xA9CF, 0xA9DA, 0xA9DE, 0xA9E5,
            0xA9E6, 0xA9FF, 0xAA00, 0xAA29, 0xAA2F, 0xAA31, 0xAA33, 0xAA35, 0xAA37, 0xAA40, 0xAA43, 0xAA44, 0xAA4C,
            0xAA4D, 0xAA4E, 0xAA50, 0xAA5A, 0xAA5C, 0xAA7C, 0xAA7D, 0xAAB0, 0xAAB1, 0xAAB2, 0xAAB5, 0xAAB7, 0xAAB9,
            0xAABE, 0xAAC0, 0xAAC1, 0xAAC2, 0xAAC3, 0xAADB, 0xAAEC, 0xAAEE, 0xAAF6, 0xAAF7, 0xAB01, 0xAB07, 0xAB09,
            0xAB0F, 0xAB11, 0xAB17, 0xAB20, 0xAB27, 0xAB28, 0xAB2F, 0xAB30, 0xAB6A, 0xAB6C, 0xAB70, 0xABE5, 0xABE6,
            0xABE8, 0xABE9, 0xABED, 0xABEE, 0xABF0, 0xABFA, 0xAC00, 0xD7A4, 0xD7B0, 0xD7C7, 0xD7CB, 0xD7FC, 0xD800,
            0xFA6E, 0xFA70, 0xFADA, 0xFB00, 0xFB07, 0xFB13, 0xFB18, 0xFB1D, 0xFB1E, 0xFB1F, 0xFB29, 0xFB2A, 0xFB37,
            0xFB38, 0xFB3D, 0xFB3E, 0xFB3F, 0xFB40, 0xFB42, 0xFB43, 0xFB45, 0xFB46, 0xFB50, 0xFBC3, 0xFBD3, 0xFD3E,
            0xFD50, 0xFD90, 0xFD92, 0xFDC8, 0xFDCF, 0xFDD0, 0xFDF0, 0xFDFD, 0xFE00, 0xFE10, 0xFE1A, 0xFE20, 0xFE30,
            0xFE50, 0xFE51, 0xFE52, 0xFE53, 0xFE54, 0xFE55, 0xFE56, 0xFE5F, 0xFE60, 0xFE62, 0xFE64, 0xFE67, 0xFE68,
            0xFE69, 0xFE6B, 0xFE6C, 0xFE70, 0xFE75, 0xFE76, 0xFEFD, 0xFEFF, 0xFF00, 0xFF01, 0xFF03, 0xFF06, 0xFF0B,
            0xFF0C, 0xFF0D, 0xFF0E, 0xFF10, 0xFF1A, 0xFF1B, 0xFF21, 0xFF3B, 0xFF41, 0xFF5B, 0xFF66, 0xFFBF, 0xFFC2,
            0xFFC8, 0xFFCA, 0xFFD0, 0xFFD2, 0xFFD8, 0xFFDA, 0xFFDD, 0xFFE0, 0xFFE2, 0xFFE5, 0xFFE7, 0xFFE8, 0xFFEF,
            0xFFF9, 0xFFFE, 0x10000, 0x1000C, 0x1000D, 0x10027, 0x10028, 0x1003B, 0x1003C, 0x1003E, 0x1003F,
            0x1004E, 0x10050, 0x1005E, 0x10080, 0x100FB, 0x10100, 0x10101, 0x10102, 0x10103, 0x10107, 0x10134,
            0x10137, 0x10140, 0x1018D, 0x1018F, 0x10190, 0x1019D, 0x101A0, 0x101A1, 0x101D0, 0x101FD, 0x101FE,
            0x10280, 0x1029D, 0x102A0, 0x102D1, 0x102E0, 0x102E1, 0x102FC, 0x10300, 0x10324, 0x1032D, 0x1034B,
            0x10350, 0x10376, 0x1037B, 0x10380, 0x1039E, 0x1039F, 0x103C4, 0x103C8, 0x103D6, 0x10400, 0x1049E,
            0x104A0, 0x104AA, 0x104B0, 0x104D4, 0x104D8, 0x104FC, 0x10500, 0x10528, 0x10530, 0x10564, 0x1056F,
            0x1057B, 0x1057C, 0x1058B, 0x1058C, 0x10593, 0x10594, 0x10596, 0x10597, 0x105A2, 0x105A3, 0x105B2,
            0x105B3, 0x105BA, 0x105BB, 0x105BD, 0x105C0, 0x105F4, 0x10600, 0x10737, 0x10740, 0x10756, 0x10760,
            0x10768, 0x10780, 0x10786, 0x10787, 0x107B1, 0x107B2, 0x107BB, 0x10800, 0x10806, 0x10808, 0x10809,
            0x1080A, 0x10836, 0x10837, 0x10839, 0x1083C, 0x1083D, 0x1083F, 0x10856, 0x10857, 0x1089F, 0x108A7,
            0x108B0, 0x108E0, 0x108F3, 0x108F4, 0x108F6, 0x108FB, 0x1091C, 0x1091F, 0x10920, 0x1093A, 0x1093F,
            0x10940, 0x10980, 0x109B8, 0x109BC, 0x109D0, 0x109D2, 0x10A01, 0x10A04, 0x10A05, 0x10A07, 0x10A0C,
            0x10A10, 0x10A14, 0x10A15, 0x10A18, 0x10A19, 0x10A36, 0x10A38, 0x10A3B, 0x10A3F, 0x10A40, 0x10A49,
            0x10A50, 0x10A59, 0x10A60, 0x10AA0, 0x10AC0, 0x10AE5, 0x10AE7, 0x10AEB, 0x10AF7, 0x10B00, 0x10B36,
            0x10B39, 0x10B40, 0x10B56, 0x10B58, 0x10B73, 0x10B78, 0x10B92, 0x10B99, 0x10B9D, 0x10BA9, 0x10BB0,
            0x10C00, 0x10C49, 0x10C80, 0x10CB3, 0x10CC0, 0x10CF3, 0x10CFA, 0x10D00, 0x10D24, 0x10D28, 0x10D30,
            0x10D3A, 0x10D40, 0x10D4A, 0x10D66, 0x10D69, 0x10D6E, 0x10D6F, 0x10D86, 0x10D8E, 0x10D90, 0x10E60,
            0x10E7F, 0x10E80, 0x10EAA, 0x10EAB, 0x10EAD, 0x10EAE, 0x10EB0, 0x10EB2, 0x10EC2, 0x10EC5, 0x10EFC,
            0x10F00, 0x10F28, 0x10F30, 0x10F46, 0x10F51, 0x10F5A, 0x10F70, 0x10F82, 0x10F86, 0x10F8A, 0x10FB0,
            0x10FCC, 0x10FE0, 0x10FF7, 0x11000, 0x11001, 0x11002, 0x11038, 0x11047, 0x1104E, 0x11052, 0x11066,
            0x11070, 0x11071, 0x11073, 0x11075, 0x11076, 0x1107F, 0x11082, 0x110B3, 0x110B7, 0x110B9, 0x110BB,
            0x110C2, 0x110C3, 0x110CD, 0x110CE, 0x110D0, 0x110E9, 0x110F0, 0x110FA, 0x11100, 0x11103, 0x11127,
            0x1112C, 0x1112D, 0x11135, 0x11136, 0x11148, 0x11150, 0x11173, 0x11174, 0x11177, 0x11180, 0x11182,
            0x111B6, 0x111BF, 0x111C9, 0x111CD, 0x111CF, 0x111D0, 0x111E0, 0x111E1, 0x111F5, 0x11200, 0x11212,
            0x11213, 0x1122F, 0x11232, 0x11234, 0x11235, 0x11236, 0x11238, 0x1123E, 0x1123F, 0x11241, 0x11242,
            0x11280, 0x11287, 0x11288, 0x11289, 0x1128A, 0x1128E, 0x1128F, 0x1129E, 0x1129F, 0x112AA, 0x112B0,
            0x112DF, 0x112E0, 0x112E3, 0x112EB, 0x112F0, 0x112FA, 0x11300, 0x11302, 0x11304, 0x11305, 0x1130D,
            0x1130F, 0x11311, 0x11313, 0x11329, 0x1132A, 0x11331, 0x11332, 0x11334, 0x11335, 0x1133A, 0x1133B,
            0x1133D, 0x11340, 0x11341, 0x11345, 0x11347, 0x11349, 0x1134B, 0x1134E, 0x11350, 0x11351, 0x11357,
            0x11358, 0x1135D, 0x11364, 0x11366, 0x1136D, 0x11370, 0x11375, 0x11380, 0x1138A, 0x1138B, 0x1138C,
            0x1138E, 0x1138F, 0x11390, 0x113B6, 0x113B7, 0x113BB, 0x113C1, 0x113C2, 0x113C3, 0x113C5, 0x113C6,
            0x113C7, 0x113CB, 0x113CC, 0x113CE, 0x113CF, 0x113D0, 0x113D1, 0x113D2, 0x113D3, 0x113D6, 0x113D7,
            0x113D9, 0x113E1, 0x113E3, 0x11400, 0x11438, 0x11440, 0x11442, 0x11445, 0x11446, 0x11447, 0x1145C,
            0x1145D, 0x1145E, 0x1145F, 0x11462, 0x11480, 0x114B3, 0x114B9, 0x114BA, 0x114BB, 0x114BF, 0x114C1,
            0x114C2, 0x114C4, 0x114C8, 0x114D0, 0x114DA, 0x11580, 0x115B2, 0x115B6, 0x115B8, 0x115BC, 0x115BE,
            0x115BF, 0x115C1, 0x115DC, 0x115DE, 0x11600, 0x11633, 0x1163B, 0x1163D, 0x1163E, 0x1163F, 0x11641,
            0x11645, 0x11650, 0x1165A, 0x11660, 0x1166D, 0x11680, 0x116AB, 0x116AC, 0x116AD, 0x116AE, 0x116B0,
            0x116B6, 0x116B7, 0x116B8, 0x116BA, 0x116C0, 0x116CA, 0x116D0, 0x116E4, 0x11700, 0x1171B, 0x1171D,
            0x1171E, 0x1171F, 0x11720, 0x11722, 0x11726, 0x11727, 0x1172C, 0x11730, 0x11747, 0x11800, 0x1182F,
            0x11838, 0x11839, 0x1183B, 0x1183C, 0x118A0, 0x118F3, 0x118FF, 0x11907, 0x11909, 0x1190A, 0x1190C,
            0x11914, 0x11915, 0x11917, 0x11918, 0x11936, 0x11937, 0x11939, 0x1193B, 0x1193D, 0x1193E, 0x1193F,
            0x11943, 0x11944, 0x11947, 0x11950, 0x1195A, 0x119A0, 0x119A8, 0x119AA, 0x119D4, 0x119D8, 0x119DA,
            0x119DC, 0x119E0, 0x119E1, 0x119E5, 0x11A00, 0x11A01, 0x11A07, 0x11A09, 0x11A0B, 0x11A33, 0x11A39,
            0x11A3B, 0x11A3F, 0x11A47, 0x11A48, 0x11A50, 0x11A51, 0x11A57, 0x11A59, 0x11A5C, 0x11A8A, 0x11A97,
            0x11A98, 0x11A9A, 0x11AA3, 0x11AB0, 0x11AF9, 0x11B00, 0x11B0A, 0x11BC0, 0x11BE2, 0x11BF0, 0x11BFA,
            0x11C00, 0x11C09, 0x11C0A, 0x11C30, 0x11C37, 0x11C38, 0x11C3E, 0x11C46, 0x11C50, 0x11C6D, 0x11C70,
            0x11C90, 0x11C92, 0x11CA8, 0x11CA9, 0x11CAA, 0x11CB1, 0x11CB2, 0x11CB4, 0x11CB5, 0x11CB7, 0x11D00,
            0x11D07, 0x11D08, 0x11D0A, 0x11D0B, 0x11D31, 0x11D37, 0x11D3A, 0x11D3B, 0x11D3C, 0x11D3E, 0x11D3F,
            0x11D46, 0x11D47, 0x11D48, 0x11D50, 0x11D5A, 0x11D60, 0x11D66, 0x11D67, 0x11D69, 0x11D6A, 0x11D8F,
            0x11D90, 0x11D92, 0x11D93, 0x11D95, 0x11D96, 0x11D97, 0x11D98, 0x11D99, 0x11DA0, 0x11DAA, 0x11EE0,
            0x11EF3, 0x11EF5, 0x11EF9, 0x11F00, 0x11F02, 0x11F11, 0x11F12, 0x11F36, 0x11F3B, 0x11F3E, 0x11F40,
            0x11F41, 0x11F42, 0x11F43, 0x11F5A, 0x11F5B, 0x11FB0, 0x11FB1, 0x11FC0, 0x11FD5, 0x11FDD, 0x11FE1,
            0x11FF2, 0x11FFF, 0x1239A, 0x12400, 0x1246F, 0x12470, 0x12475, 0x12480, 0x12544, 0x12F90, 0x12FF3,
            0x13000, 0x13440, 0x13441, 0x13447, 0x13456, 0x13460, 0x143FB, 0x14400, 0x14647, 0x16100, 0x1611E,
            0x1612A, 0x1612D, 0x16130, 0x1613A, 0x16800, 0x16A39, 0x16A40, 0x16A5F, 0x16A60, 0x16A6A, 0x16A6E,
            0x16ABF, 0x16AC0, 0x16ACA, 0x16AD0, 0x16AEE, 0x16AF0, 0x16AF5, 0x16AF6, 0x16B00, 0x16B30, 0x16B37,
            0x16B46, 0x16B50, 0x16B5A, 0x16B5B, 0x16B62, 0x16B63, 0x16B78, 0x16B7D, 0x16B90, 0x16D40, 0x16D7A,
            0x16E40, 0x16E9B, 0x16F00, 0x16F4B, 0x16F4F, 0x16F50, 0x16F88, 0x16F8F, 0x16F93, 0x16FA0, 0x16FE0,
            0x16FE2, 0x16FE3, 0x16FE4, 0x16FE5, 0x16FF0, 0x16FF2, 0x17000, 0x187F8, 0x18800, 0x18CD6, 0x18CFF,
            0x18D09, 0x1AFF0, 0x1AFF4, 0x1AFF5, 0x1AFFC, 0x1AFFD, 0x1AFFF, 0x1B000, 0x1B123, 0x1B132, 0x1B133,
            0x1B150, 0x1B153, 0x1B155, 0x1B156, 0x1B164, 0x1B168, 0x1B170, 0x1B2FC, 0x1BC00, 0x1BC6B, 0x1BC70,
            0x1BC7D, 0x1BC80, 0x1BC89, 0x1BC90, 0x1BC9A, 0x1BC9C, 0x1BC9D, 0x1BC9F, 0x1BCA0, 0x1BCA4, 0x1CC00,
            0x1CCD6, 0x1CCF0, 0x1CCFA, 0x1CD00, 0x1CEB4, 0x1CF00, 0x1CF2E, 0x1CF30, 0x1CF47, 0x1CF50, 0x1CFC4,
            0x1D000, 0x1D0F6, 0x1D100, 0x1D127, 0x1D129, 0x1D167, 0x1D16A, 0x1D173, 0x1D17B, 0x1D183, 0x1D185,
            0x1D18C, 0x1D1AA, 0x1D1AE, 0x1D1E9, 0x1D1EB, 0x1D200, 0x1D242, 0x1D245, 0x1D246, 0x1D2C0, 0x1D2D4,
            0x1D2E0, 0x1D2F4, 0x1D300, 0x1D357, 0x1D360, 0x1D379, 0x1D400, 0x1D455, 0x1D456, 0x1D49D, 0x1D49E,
            0x1D4A0, 0x1D4A2, 0x1D4A3, 0x1D4A5, 0x1D4A7, 0x1D4A9, 0x1D4AD, 0x1D4AE, 0x1D4BA, 0x1D4BB, 0x1D4BC,
            0x1D4BD, 0x1D4C4, 0x1D4C5, 0x1D506, 0x1D507, 0x1D50B, 0x1D50D, 0x1D515, 0x1D516, 0x1D51D, 0x1D51E,
            0x1D53A, 0x1D53B, 0x1D53F, 0x1D540, 0x1D545, 0x1D546, 0x1D547, 0x1D54A, 0x1D551, 0x1D552, 0x1D6A6,
            0x1D6A8, 0x1D6C1, 0x1D6C2, 0x1D6DB, 0x1D6DC, 0x1D6FB, 0x1D6FC, 0x1D715, 0x1D716, 0x1D735, 0x1D736,
            0x1D74F, 0x1D750, 0x1D76F, 0x1D770, 0x1D789, 0x1D78A, 0x1D7A9, 0x1D7AA, 0x1D7C3, 0x1D7C4, 0x1D7CC,
            0x1D7CE, 0x1D800, 0x1DA00, 0x1DA37, 0x1DA3B, 0x1DA6D, 0x1DA75, 0x1DA76, 0x1DA84, 0x1DA85, 0x1DA8C,
            0x1DA9B, 0x1DAA0, 0x1DAA1, 0x1DAB0, 0x1DF00, 0x1DF1F, 0x1DF25, 0x1DF2B, 0x1E000, 0x1E007, 0x1E008,
            0x1E019, 0x1E01B, 0x1E022, 0x1E023, 0x1E025, 0x1E026, 0x1E02B, 0x1E030, 0x1E06E, 0x1E08F, 0x1E090,
            0x1E100, 0x1E12D, 0x1E130, 0x1E137, 0x1E13E, 0x1E140, 0x1E14A, 0x1E14E, 0x1E150, 0x1E290, 0x1E2AE,
            0x1E2AF, 0x1E2C0, 0x1E2EC, 0x1E2F0, 0x1E2FA, 0x1E2FF, 0x1E300, 0x1E4D0, 0x1E4EC, 0x1E4F0, 0x1E4FA,
            0x1E5D0, 0x1E5EE, 0x1E5F0, 0x1E5FB, 0x1E5FF, 0x1E600, 0x1E7E0, 0x1E7E7, 0x1E7E8, 0x1E7EC, 0x1E7ED,
            0x1E7EF, 0x1E7F0, 0x1E7FF, 0x1E800, 0x1E8C5, 0x1E8C7, 0x1E8D0, 0x1E8D7, 0x1E900, 0x1E944, 0x1E94B,
            0x1E94C, 0x1E950, 0x1E95A, 0x1E95E, 0x1E960, 0x1EC71, 0x1ECB5, 0x1ED01, 0x1ED3E, 0x1EE00, 0x1EE04,
            0x1EE05, 0x1EE20, 0x1EE21, 0x1EE23, 0x1EE24, 0x1EE25, 0x1EE27, 0x1EE28, 0x1EE29, 0x1EE33, 0x1EE34,
            0x1EE38, 0x1EE39, 0x1EE3A, 0x1EE3B, 0x1EE3C, 0x1EE42, 0x1EE43, 0x1EE47, 0x1EE48, 0x1EE49, 0x1EE4A,
            0x1EE4B, 0x1EE4C, 0x1EE4D, 0x1EE50, 0x1EE51, 0x1EE53, 0x1EE54, 0x1EE55, 0x1EE57, 0x1EE58, 0x1EE59,
            0x1EE5A, 0x1EE5B, 0x1EE5C, 0x1EE5D, 0x1EE5E, 0x1EE5F, 0x1EE60, 0x1EE61, 0x1EE63, 0x1EE64, 0x1EE65,
            0x1EE67, 0x1EE6B, 0x1EE6C, 0x1EE73, 0x1EE74, 0x1EE78, 0x1EE79, 0x1EE7D, 0x1EE7E, 0x1EE7F, 0x1EE80,
            0x1EE8A, 0x1EE8B, 0x1EE9C, 0x1EEA1, 0x1EEA4, 0x1EEA5, 0x1EEAA, 0x1EEAB, 0x1EEBC, 0x1EEF0, 0x1EEF2,
            0x1F000, 0x1F02C, 0x1F030, 0x1F094, 0x1F0A0, 0x1F0AF, 0x1F0B1, 0x1F0C0, 0x1F0C1, 0x1F0D0, 0x1F0D1,
            0x1F0F6, 0x1F100, 0x1F10B, 0x1F110, 0x1F12F, 0x1F130, 0x1F16A, 0x1F170, 0x1F1AD, 0x1F1AE, 0x1F1E6,
            0x1F203, 0x1F210, 0x1F23C, 0x1F240, 0x1F249, 0x1F250, 0x1F252, 0x1F260, 0x1F266, 0x1F300, 0x1F6D8,
            0x1F6DC, 0x1F6ED, 0x1F6F0, 0x1F6FD, 0x1F700, 0x1F777, 0x1F77B, 0x1F7DA, 0x1F7E0, 0x1F7EC, 0x1F7F0,
            0x1F7F1, 0x1F800, 0x1F80C, 0x1F810, 0x1F848, 0x1F850, 0x1F85A, 0x1F860, 0x1F888, 0x1F890, 0x1F8AE,
            0x1F8B0, 0x1F8BC, 0x1F8C0, 0x1F8C2, 0x1F900, 0x1FA54, 0x1FA60, 0x1FA6E, 0x1FA70, 0x1FA7D, 0x1FA80,
            0x1FA8A, 0x1FA8F, 0x1FAC7, 0x1FACE, 0x1FADD, 0x1FADF, 0x1FAEA, 0x1FAF0, 0x1FAF9, 0x1FB00, 0x1FB93,
            0x1FB94, 0x1FBF0, 0x1FBFA, 0x20000, 0x2A6E0, 0x2A700, 0x2B73A, 0x2B740, 0x2B81E, 0x2B820, 0x2CEA2,
            0x2CEB0, 0x2EBE1, 0x2EBF0, 0x2EE5E, 0x2F800, 0x2FA1E, 0x30000, 0x3134B, 0x31350, 0x323B0, 0xE0001,
            0xE0002, 0xE0020, 0xE0080, 0xE0100, 0xE01F0, 0xF0000, 0xFFFFE, 0x100000, 0x10FFFE,
        };

        private static readonly int[] BidiValue =
        {
            0x1, 0x2, 0x3, 0x2, 0x4, 0x3, 0x1, 0x3, 0x2, 0x4, 0x5, 0x6, 0x5, 0x7, 0x8, 0x7, 0x8, 0x9, 0x8, 0x5,
            0xA, 0x5, 0xA, 0x5, 0x1, 0x3, 0x1, 0x8, 0x5, 0x6, 0x5, 0xA, 0x5, 0x1, 0x5, 0x6, 0x9, 0x5, 0xA, 0x5,
            0x9, 0xA, 0x5, 0xA, 0x5, 0xA, 0x5, 0xA, 0x5, 0xA, 0x5, 0xA, 0x5, 0xA, 0x5, 0xA, 0x5, 0xB, 0xA, 0x5,
            0xA, 0x0, 0xA, 0x5, 0xA, 0x0, 0x5, 0xA, 0x5, 0xA, 0x0, 0xA, 0x0, 0xA, 0x0, 0xA, 0x5, 0xA, 0xB, 0xA,
            0x0, 0xA, 0x0, 0xA, 0x5, 0x0, 0x5, 0x6, 0x0, 0xB, 0xC, 0xB, 0xC, 0xB, 0xC, 0xB, 0xC, 0xB, 0x0, 0xC,
            0x0, 0xC, 0x0, 0xD, 0x5, 0xE, 0x6, 0xE, 0x8, 0xE, 0x5, 0xB, 0xE, 0xB, 0xD, 0x6, 0xD, 0xE, 0xB, 0xE,
            0xB, 0xD, 0x5, 0xB, 0xE, 0xB, 0x5, 0xB, 0xE, 0x9, 0xE, 0x0, 0xE, 0xB, 0xE, 0xB, 0x0, 0xE, 0xB, 0xE,
            0x0, 0xC, 0xB, 0xC, 0x5, 0xC, 0x0, 0xB, 0xC, 0xB, 0xC, 0xB, 0xC, 0xB, 0xC, 0xB, 0x0, 0xC, 0x0, 0xC,
            0xB, 0x0, 0xC, 0x0, 0xE, 0x0, 0xE, 0x0, 0xD, 0x0, 0xB, 0xE, 0xB, 0xD, 0xB, 0xA, 0xB, 0xA, 0xB, 0xA,
            0xB, 0xA, 0xB, 0xA, 0xB, 0xA, 0xB, 0xA, 0xB, 0xA, 0x0, 0xA, 0x0, 0xA, 0x0, 0xA, 0x0, 0xA, 0x0, 0xA,
            0x0, 0xA, 0x0, 0xB, 0xA, 0xB, 0x0, 0xA, 0x0, 0xA, 0xB, 0xA, 0x0, 0xA, 0x0, 0xA, 0x0, 0xA, 0xB, 0x0,
            0xA, 0x6, 0xA, 0x6, 0xA, 0xB, 0x0, 0xB, 0xA, 0x0, 0xA, 0x0, 0xA, 0x0, 0xA, 0x0, 0xA, 0x0, 0xA, 0x0,
            0xA, 0x0, 0xA, 0x0, 0xB, 0x0, 0xA, 0xB, 0x0, 0xB, 0x0, 0xB, 0x0, 0xB, 0x0, 0xA, 0x0, 0xA, 0x0, 0xA,
            0xB, 0xA, 0xB, 0xA, 0x0, 0xB, 0xA, 0x0, 0xA, 0x0, 0xA, 0x0, 0xA, 0x0, 0xA, 0x0, 0xA, 0x0, 0xA, 0x0,
            0xB, 0xA, 0xB, 0x0, 0xB, 0xA, 0x0, 0xA, 0xB, 0x0, 0xA, 0x0, 0xA, 0xB, 0x0, 0xA, 0x6, 0x0, 0xA, 0xB,
            0x0, 0xB, 0xA, 0x0, 0xA, 0x0, 0xA, 0x0, 0xA, 0x0, 0xA, 0x0, 0xA, 0x0, 0xA, 0x0, 0xB, 0xA, 0xB, 0xA,
            0xB, 0x0, 0xA, 0x0, 0xA, 0xB, 0x0, 0xB, 0xA, 0x0, 0xA, 0x0, 0xA, 0xB, 0x0, 0xA, 0x0, 0xB, 0xA, 0x0,
            0xA, 0x0, 0xA, 0x0, 0xA, 0x0, 0xA, 0x0, 0xA, 0x0, 0xA, 0x0, 0xA, 0x0, 0xA, 0x0, 0xA, 0x0, 0xA, 0xB,
            0xA, 0x0, 0xA, 0x0, 0xA, 0xB, 0x0, 0xA, 0x0, 0xA, 0x0, 0xA, 0x5, 0x6, 0x5, 0x0, 0xB, 0xA, 0xB, 0xA,
            0x0, 0xA, 0x0, 0xA, 0x0, 0xA, 0x0, 0xB, 0xA, 0xB, 0xA, 0x0, 0xB, 0x0, 0xB, 0x0, 0xB, 0x0, 0xA, 0x0,
            0xA, 0x0, 0xA, 0xB, 0x0, 0xA, 0x0, 0xA, 0x5, 0xA, 0xB, 0xA, 0x0, 0xA, 0x0, 0xA, 0x0, 0xA, 0x0, 0xA,
            0x0, 0xB, 0xA, 0x0, 0xA, 0x0, 0xA, 0xB, 0x0, 0xA, 0x0, 0xA, 0x0, 0xA, 0xB, 0x0, 0xA, 0x0, 0xA, 0x0,
            0xB, 0xA, 0x0, 0xA, 0x0, 0xA, 0xB, 0xA, 0xB, 0x0, 0xA, 0x0, 0xA, 0xB, 0xA, 0x0, 0xA, 0xB, 0x0, 0xA,
            0x0, 0xB, 0xA, 0x0, 0xA, 0x0, 0xA, 0x0, 0xA, 0x0, 0xA, 0x0, 0xA, 0x0, 0xB, 0x0, 0xA, 0xB, 0x0, 0xB,
            0x0, 0xA, 0x0, 0xA, 0x0, 0xA, 0x0, 0xA, 0xB, 0xA, 0xB, 0x0, 0x6, 0xA, 0xB, 0xA, 0x0, 0xA, 0x0, 0xA,
            0x0, 0xA, 0x0, 0xA, 0x0, 0xA, 0x0, 0xA, 0xB, 0xA, 0xB, 0xA, 0x0, 0xA, 0x0, 0xA, 0x0, 0xB, 0x0, 0xA,
            0x0, 0xA, 0x0, 0xA, 0xB, 0xA, 0xB, 0xA, 0xB, 0xA, 0xB, 0x5, 0xA, 0x0, 0xA, 0x0, 0xB, 0xA, 0xB, 0xA,
            0xB, 0xA, 0xB, 0x0, 0xB, 0x0, 0xA, 0xB, 0xA, 0x0, 0xA, 0x0, 0xA, 0xB, 0xA, 0xB, 0xA, 0xB, 0xA, 0xB,
            0xA, 0xB, 0xA, 0xB, 0xA, 0xB, 0xA, 0xB, 0xA, 0xB, 0xA, 0xB, 0xA, 0xB, 0xA, 0x0, 0xA, 0x0, 0xA, 0x0,
            0xA, 0x0, 0xA, 0x0, 0xA, 0x0, 0xA, 0x0, 0xA, 0x0, 0xA, 0x0, 0xA, 0x0, 0xA, 0x0, 0xA, 0x0, 0xA, 0x0,
            0xA, 0x0, 0xA, 0x0, 0xA, 0x0, 0xA, 0x0, 0xA, 0x0, 0xA, 0x0, 0xB, 0xA, 0x0, 0xA, 0x5, 0x0, 0xA, 0x0,
            0xA, 0x0, 0x5, 0xA, 0x4, 0xA, 0x5, 0x0, 0xA, 0x0, 0xA, 0xB, 0xA, 0x0, 0xA, 0xB, 0xA, 0x0, 0xA, 0xB,
            0x0, 0xA, 0x0, 0xA, 0x0, 0xB, 0x0, 0xA, 0xB, 0xA, 0xB, 0xA, 0xB, 0xA, 0xB, 0xA, 0x6, 0xA, 0xB, 0x0,
            0xA, 0x0, 0x5, 0x0, 0x5, 0xB, 0x1, 0xB, 0xA, 0x0, 0xA, 0x0, 0xA, 0xB, 0xA, 0xB, 0xA, 0x0, 0xA, 0x0,
            0xA, 0x0, 0xB, 0xA, 0xB, 0xA, 0x0, 0xA, 0xB, 0xA, 0xB, 0x0, 0x5, 0x0, 0x5, 0xA, 0x0, 0xA, 0x0, 0xA,
            0x0, 0xA, 0x0, 0xA, 0x0, 0x5, 0xA, 0xB, 0xA, 0xB, 0x0, 0xA, 0xB, 0xA, 0xB, 0x0, 0xB, 0xA, 0xB, 0xA,
            0xB, 0xA, 0xB, 0x0, 0xB, 0xA, 0x0, 0xA, 0x0, 0xA, 0x0, 0xB, 0x0, 0xB, 0xA, 0xB, 0xA, 0xB, 0xA, 0xB,
            0xA, 0xB, 0xA, 0x0, 0xA, 0xB, 0xA, 0xB, 0xA, 0xB, 0xA, 0xB, 0xA, 0xB, 0xA, 0xB, 0xA, 0xB, 0xA, 0xB,
            0xA, 0xB, 0xA, 0x0, 0xA, 0xB, 0xA, 0xB, 0x0, 0xA, 0x0, 0xA, 0x0, 0xA, 0x0, 0xA, 0x0, 0xB, 0xA, 0xB,
            0xA, 0xB, 0xA, 0xB, 0xA, 0xB, 0xA, 0xB, 0xA, 0x0, 0xA, 0xB, 0xA, 0x0, 0xA, 0x0, 0xA, 0x0, 0xA, 0x0,
            0xA, 0x0, 0xA, 0x0, 0xA, 0x0, 0xA, 0x0, 0xA, 0x0, 0xA, 0x0, 0xA, 0x5, 0xA, 0x5, 0xA, 0x0, 0xA, 0x5,
            0xA, 0x0, 0xA, 0x0, 0x5, 0xA, 0x5, 0x0, 0xA, 0x0, 0xA, 0x5, 0x0, 0x4, 0x1, 0xA, 0xC, 0x5, 0x4, 0x3,
            0xF, 0x10, 0x11, 0x12, 0x13, 0x8, 0x6, 0x5, 0x8, 0x5, 0x4, 0x1, 0x0, 0x14, 0x15, 0x16, 0x17, 0x1, 0x9,
            0xA, 0x0, 0x9, 0x7, 0x5, 0xA, 0x9, 0x7, 0x5, 0x0, 0xA, 0x0, 0x6, 0x0, 0xB, 0x0, 0x5, 0xA, 0x5, 0xA,
            0x5, 0xA, 0x5, 0xA, 0x5, 0xA, 0x5, 0xA, 0x5, 0xA, 0x5, 0xA, 0x5, 0xA, 0x6, 0xA, 0x5, 0xA, 0x5, 0xA,
            0x5, 0xA, 0x5, 0xA, 0x5, 0x0, 0x5, 0x7, 0x6, 0x5, 0xA, 0x5, 0xA, 0x5, 0x0, 0x5, 0x0, 0x5, 0x9, 0xA,
            0x5, 0xA, 0x5, 0xA, 0x5, 0x0, 0x5, 0x0, 0x5, 0xA, 0x5, 0xA, 0xB, 0xA, 0x0, 0x5, 0xA, 0x0, 0xA, 0x0,
            0xA, 0x0, 0xA, 0x0, 0xA, 0x0, 0xB, 0xA, 0x0, 0xA, 0x0, 0xA, 0x0, 0xA, 0x0, 0xA, 0x0, 0xA, 0x0, 0xA,
            0x0, 0xA, 0x0, 0xA, 0x0, 0xB, 0x5, 0x0, 0x5, 0x0, 0x5, 0x0, 0x5, 0x0, 0x5, 0x4, 0x5, 0xA, 0x5, 0xA,
            0xB, 0xA, 0x5, 0xA, 0x5, 0xA, 0x5, 0x0, 0xA, 0x0, 0xB, 0x5, 0xA, 0x5, 0xA, 0x5, 0xA, 0x0, 0xA, 0x0,
            0xA, 0x0, 0xA, 0x5, 0x0, 0x5, 0xA, 0x5, 0x0, 0xA, 0x5, 0xA, 0x5, 0xA, 0x5, 0xA, 0x5, 0xA, 0x5, 0xA,
            0x5, 0xA, 0x5, 0xA, 0x5, 0xA, 0x0, 0x5, 0x0, 0xA, 0x5, 0xA, 0x0, 0xA, 0xB, 0x5, 0xB, 0x5, 0xA, 0xB,
            0xA, 0xB, 0xA, 0x0, 0x5, 0xA, 0x5, 0xA, 0x0, 0xA, 0x0, 0xA, 0x0, 0xA, 0x0, 0xA, 0xB, 0xA, 0xB, 0xA,
            0xB, 0xA, 0xB, 0xA, 0x5, 0xB, 0x0, 0xA, 0x6, 0x0, 0xA, 0x5, 0x0, 0xA, 0xB, 0x0, 0xA, 0x0, 0xB, 0xA,
            0xB, 0xA, 0xB, 0xA, 0xB, 0xA, 0x0, 0xA, 0x0, 0xB, 0xA, 0xB, 0xA, 0xB, 0xA, 0xB, 0xA, 0x0, 0xA, 0x0,
            0xA, 0xB, 0xA, 0x0, 0xA, 0xB, 0xA, 0xB, 0xA, 0xB, 0x0, 0xA, 0xB, 0xA, 0xB, 0xA, 0x0, 0xA, 0x0, 0xA,
            0xB, 0xA, 0xB, 0xA, 0xB, 0xA, 0xB, 0xA, 0xB, 0xA, 0xB, 0xA, 0x0, 0xA, 0xB, 0xA, 0xB, 0x0, 0xA, 0x0,
            0xA, 0x0, 0xA, 0x0, 0xA, 0x0, 0xA, 0x0, 0xA, 0x5, 0x0, 0xA, 0xB, 0xA, 0xB, 0xA, 0xB, 0x0, 0xA, 0x0,
            0xA, 0x0, 0xA, 0x0, 0xA, 0x0, 0xA, 0x0, 0xA, 0x0, 0xA, 0x0, 0xA, 0x0, 0xC, 0xB, 0xC, 0x7, 0xC, 0x0,
            0xC, 0x0, 0xC, 0x0, 0xC, 0x0, 0xC, 0x0, 0xC, 0xE, 0x0, 0xE, 0x5, 0xE, 0x0, 0xE, 0x0, 0x5, 0x0, 0xE,
            0x5, 0xB, 0x5, 0x0, 0xB, 0x5, 0x8, 0x5, 0x8, 0x0, 0x5, 0x8, 0x5, 0x6, 0x5, 0x7, 0x5, 0x0, 0x5, 0x6,
            0x5, 0x0, 0xE, 0x0, 0xE, 0x0, 0x1, 0x0, 0x5, 0x6, 0x5, 0x7, 0x8, 0x7, 0x8, 0x9, 0x8, 0x5, 0xA, 0x5,
            0xA, 0x5, 0xA, 0x0, 0xA, 0x0, 0xA, 0x0, 0xA, 0x0, 0xA, 0x0, 0x6, 0x5, 0x6, 0x0, 0x5, 0x0, 0x5, 0x0,
            0xA, 0x0, 0xA, 0x0, 0xA, 0x0, 0xA, 0x0, 0xA, 0x0, 0xA, 0x0, 0xA, 0x0, 0xA, 0x5, 0xA, 0x0, 0xA, 0x0,
            0xA, 0x5, 0xA, 0x0, 0x5, 0x0, 0x5, 0x0, 0xA, 0xB, 0x0, 0xA, 0x0, 0xA, 0x0, 0xB, 0x9, 0x0, 0xA, 0x0,
            0xA, 0x0, 0xA, 0xB, 0x0, 0xA, 0x0, 0xA, 0x0, 0xA, 0x0, 0xA, 0x0, 0xA, 0x0, 0xA, 0x0, 0xA, 0x0, 0xA,
            0x0, 0xA, 0x0, 0xA, 0x0, 0xA, 0x0, 0xA, 0x0, 0xA, 0x0, 0xA, 0x0, 0xA, 0x0, 0xA, 0x0, 0xA, 0x0, 0xA,
            0x0, 0xA, 0x0, 0xA, 0x0, 0xA, 0x0, 0xA, 0x0, 0xA, 0x0, 0xA, 0x0, 0xC, 0x0, 0xC, 0x0, 0xC, 0x0, 0xC,
            0x0, 0xC, 0x0, 0xC, 0x0, 0xC, 0x0, 0xC, 0x0, 0xC, 0x0, 0xC, 0x0, 0xC, 0x0, 0x5, 0xC, 0x0, 0xC, 0x0,
            0xC, 0x0, 0xC, 0x0, 0xC, 0xB, 0x0, 0xB, 0x0, 0xB, 0xC, 0x0, 0xC, 0x0, 0xC, 0x0, 0xB, 0x0, 0xB, 0xC,
            0x0, 0xC, 0x0, 0xC, 0x0, 0xC, 0xB, 0x0, 0xC, 0x0, 0xC, 0x0, 0x5, 0xC, 0x0, 0xC, 0x0, 0xC, 0x0, 0xC,
            0x0, 0xC, 0x0, 0xC, 0x0, 0xC, 0x0, 0xC, 0x0, 0xC, 0xE, 0xB, 0x0, 0xD, 0x0, 0xD, 0xC, 0x0, 0xB, 0x5,
            0xC, 0x0, 0xC, 0x0, 0xD, 0x0, 0xC, 0x0, 0xB, 0xC, 0x0, 0xC, 0x0, 0xE, 0x0, 0xB, 0xC, 0x0, 0xE, 0xB,
            0xE, 0x0, 0xC, 0xB, 0xC, 0x0, 0xC, 0x0, 0xC, 0x0, 0xA, 0xB, 0xA, 0xB, 0xA, 0x0, 0x5, 0xA, 0xB, 0xA,
            0xB, 0xA, 0x0, 0xB, 0xA, 0xB, 0xA, 0xB, 0xA, 0xB, 0x0, 0xA, 0x0, 0xA, 0x0, 0xA, 0x0, 0xB, 0xA, 0xB,
            0xA, 0xB, 0x0, 0xA, 0x0, 0xA, 0xB, 0xA, 0x0, 0xB, 0xA, 0xB, 0xA, 0xB, 0xA, 0xB, 0xA, 0x0, 0xA, 0x0,
            0xA, 0x0, 0xA, 0xB, 0xA, 0xB, 0xA, 0xB, 0xA, 0xB, 0xA, 0xB, 0x0, 0xA, 0x0, 0xA, 0x0, 0xA, 0x0, 0xA,
            0x0, 0xA, 0x0, 0xA, 0xB, 0xA, 0xB, 0x0, 0xA, 0x0, 0xB, 0xA, 0x0, 0xA, 0x0, 0xA, 0x0, 0xA, 0x0, 0xA,
            0x0, 0xA, 0x0, 0xA, 0x0, 0xB, 0xA, 0xB, 0xA, 0x0, 0xA, 0x0, 0xA, 0x0, 0xA, 0x0, 0xA, 0x0, 0xA, 0x0,
            0xB, 0x0, 0xB, 0x0, 0xA, 0x0, 0xA, 0x0, 0xA, 0x0, 0xA, 0x0, 0xA, 0xB, 0x0, 0xA, 0x0, 0xA, 0x0, 0xA,
            0x0, 0xA, 0xB, 0xA, 0xB, 0xA, 0xB, 0xA, 0x0, 0xA, 0x0, 0xB, 0x0, 0xA, 0xB, 0xA, 0xB, 0xA, 0xB, 0xA,
            0x0, 0xA, 0xB, 0xA, 0x0, 0xA, 0xB, 0xA, 0xB, 0xA, 0xB, 0xA, 0xB, 0xA, 0x0, 0xA, 0x0, 0xA, 0xB, 0x0,
            0xA, 0xB, 0xA, 0xB, 0xA, 0xB, 0x0, 0xA, 0xB, 0xA, 0xB, 0xA, 0xB, 0xA, 0x0, 0xA, 0x0, 0x5, 0x0, 0xA,
            0xB, 0xA, 0xB, 0xA, 0xB, 0xA, 0xB, 0xA, 0x0, 0xA, 0x0, 0xA, 0x0, 0xA, 0x0, 0xB, 0xA, 0xB, 0xA, 0xB,
            0xA, 0xB, 0x0, 0xA, 0x0, 0xA, 0xB, 0xA, 0xB, 0xA, 0x0, 0xA, 0x0, 0xA, 0x0, 0xA, 0x0, 0xA, 0x0, 0xA,
            0x0, 0xA, 0x0, 0xA, 0x0, 0xB, 0xA, 0xB, 0xA, 0xB, 0xA, 0x0, 0xA, 0x0, 0xA, 0x0, 0xA, 0xB, 0x0, 0xB,
            0xA, 0xB, 0xA, 0x0, 0xA, 0xB, 0xA, 0xB, 0xA, 0xB, 0xA, 0xB, 0xA, 0xB, 0x0, 0xA, 0xB, 0xA, 0xB, 0xA,
            0xB, 0xA, 0xB, 0xA, 0x0, 0xA, 0x0, 0xA, 0x0, 0xA, 0x0, 0xA, 0x0, 0xA, 0x0, 0xA, 0xB, 0x0, 0xB, 0xA,
            0x0, 0xA, 0x0, 0xA, 0x0, 0xB, 0x0, 0xA, 0xB, 0xA, 0xB, 0xA, 0xB, 0x0, 0xA, 0x0, 0xA, 0x0, 0xA, 0xB,
            0x0, 0xB, 0x0, 0xB, 0x0, 0xB, 0xA, 0xB, 0x0, 0xA, 0x0, 0xA, 0x0, 0xA, 0x0, 0xA, 0x0, 0xB, 0x0, 0xA,
            0xB, 0xA, 0xB, 0xA, 0x0, 0xA, 0x0, 0xA, 0xB, 0xA, 0x0, 0xB, 0xA, 0x0, 0xA, 0xB, 0x0, 0xA, 0xB, 0xA,
            0xB, 0xA, 0xB, 0x0, 0xA, 0x0, 0xA, 0x5, 0x6, 0x5, 0x0, 0xA, 0x0, 0xA, 0x0, 0xA, 0x0, 0xA, 0x0, 0xA,
            0x0, 0xA, 0xB, 0xA, 0xB, 0x0, 0xA, 0x0, 0xA, 0x0, 0xA, 0xB, 0xA, 0xB, 0xA, 0x0, 0xA, 0x0, 0xA, 0x0,
            0xA, 0x0, 0xA, 0x0, 0xA, 0x0, 0xA, 0x0, 0xB, 0xA, 0x0, 0xA, 0xB, 0xA, 0x0, 0xA, 0x0, 0xA, 0x0, 0xA,
            0x0, 0xA, 0x0, 0xA, 0x0, 0xA, 0x0, 0xA, 0x0, 0xB, 0xA, 0x0, 0xB, 0xA, 0x0, 0xA, 0x5, 0xA, 0xB, 0x0,
            0xA, 0x0, 0xA, 0x0, 0xA, 0x0, 0xA, 0x0, 0xA, 0x0, 0xA, 0x0, 0xA, 0x0, 0xA, 0x0, 0xA, 0x0, 0xA, 0x0,
            0xA, 0x0, 0xA, 0x0, 0xA, 0x0, 0xA, 0x0, 0xA, 0x0, 0xA, 0x0, 0xA, 0x0, 0xA, 0xB, 0xA, 0x1, 0x0, 0x5,
            0xA, 0x9, 0x0, 0x5, 0x0, 0xB, 0x0, 0xB, 0x0, 0xA, 0x0, 0xA, 0x0, 0xA, 0x0, 0xA, 0xB, 0xA, 0x1, 0xB,
            0xA, 0xB, 0xA, 0xB, 0xA, 0x5, 0x0, 0x5, 0xB, 0x5, 0x0, 0xA, 0x0, 0xA, 0x0, 0x5, 0x0, 0xA, 0x0, 0xA,
            0x0, 0xA, 0x0, 0xA, 0x0, 0xA, 0x0, 0xA, 0x0, 0xA, 0x0, 0xA, 0x0, 0xA, 0x0, 0xA, 0x0, 0xA, 0x0, 0xA,
            0x0, 0xA, 0x0, 0xA, 0x0, 0xA, 0x0, 0xA, 0x0, 0xA, 0x0, 0xA, 0x0, 0xA, 0x0, 0xA, 0x0, 0xA, 0x5, 0xA,
            0x5, 0xA, 0x5, 0xA, 0x5, 0xA, 0x5, 0xA, 0x5, 0xA, 0x5, 0xA, 0x5, 0xA, 0x5, 0xA, 0x5, 0xA, 0x0, 0x9,
            0xA, 0xB, 0xA, 0xB, 0xA, 0xB, 0xA, 0xB, 0xA, 0x0, 0xB, 0x0, 0xB, 0x0, 0xA, 0x0, 0xA, 0x0, 0xB, 0x0,
            0xB, 0x0, 0xB, 0x0, 0xB, 0x0, 0xB, 0x0, 0xA, 0x0, 0xB, 0x0, 0xA, 0x0, 0xB, 0xA, 0x0, 0xA, 0x0, 0xA,
            0x0, 0xA, 0xB, 0x0, 0xA, 0xB, 0xA, 0x0, 0x6, 0x0, 0xA, 0xB, 0xA, 0x0, 0xA, 0xB, 0xA, 0x0, 0xA, 0x0,
            0xA, 0x0, 0xA, 0x0, 0xA, 0x0, 0xA, 0x0, 0xC, 0x0, 0xC, 0xB, 0x0, 0xC, 0xB, 0xC, 0x0, 0xC, 0x0, 0xC,
            0x0, 0xE, 0x0, 0xE, 0x0, 0xE, 0x0, 0xE, 0x0, 0xE, 0x0, 0xE, 0x0, 0xE, 0x0, 0xE, 0x0, 0xE, 0x0, 0xE,
            0x0, 0xE, 0x0, 0xE, 0x0, 0xE, 0x0, 0xE, 0x0, 0xE, 0x0, 0xE, 0x0, 0xE, 0x0, 0xE, 0x0, 0xE, 0x0, 0xE,
            0x0, 0xE, 0x0, 0xE, 0x0, 0xE, 0x0, 0xE, 0x0, 0xE, 0x0, 0xE, 0x0, 0xE, 0x0, 0xE, 0x0, 0xE, 0x0, 0xE,
            0x0, 0xE, 0x0, 0xE, 0x0, 0xE, 0x0, 0xE, 0x0, 0xE, 0x0, 0x5, 0x0, 0x5, 0x0, 0x5, 0x0, 0x5, 0x0, 0x5,
            0x0, 0x5, 0x0, 0x5, 0x0, 0x9, 0x5, 0xA, 0x5, 0xA, 0x5, 0xA, 0x5, 0x0, 0xA, 0x0, 0xA, 0x0, 0xA, 0x0,
            0xA, 0x0, 0x5, 0x0, 0x5, 0x0, 0x5, 0x0, 0x5, 0x0, 0x5, 0x0, 0x5, 0x0, 0x5, 0x0, 0x5, 0x0, 0x5, 0x0,
            0x5, 0x0, 0x5, 0x0, 0x5, 0x0, 0x5, 0x0, 0x5, 0x0, 0x5, 0x0, 0x5, 0x0, 0x5, 0x0, 0x5, 0x0, 0x5, 0x0,
            0x5, 0x0, 0x5, 0x0, 0x5, 0x0, 0x5, 0x0, 0x5, 0x0, 0x5, 0x9, 0x0, 0xA, 0x0, 0xA, 0x0, 0xA, 0x0, 0xA,
            0x0, 0xA, 0x0, 0xA, 0x0, 0xA, 0x0, 0xA, 0x0, 0xA, 0x0, 0x1, 0x0, 0x1, 0x0, 0xB, 0x0, 0xA, 0x0, 0xA,
            0x0,
        };

        // Bidi_Mirrored=Y as the closed ranges [MirrorStart[i], MirrorEnd[i]].
        private static readonly int[] MirrorStart =
        {
            0x28, 0x3C, 0x3E, 0x5B, 0x5D, 0x7B, 0x7D, 0xAB, 0xBB, 0xF3A, 0x169B, 0x2039, 0x2045, 0x207D, 0x208D,
            0x2140, 0x2201, 0x2208, 0x2211, 0x2215, 0x221A, 0x221F, 0x2224, 0x2226, 0x222B, 0x2239, 0x223B, 0x2252,
            0x225F, 0x2262, 0x2264, 0x226D, 0x228F, 0x2298, 0x22A2, 0x22A6, 0x22BE, 0x22C9, 0x22D0, 0x22D6, 0x22F0,
            0x2308, 0x2320, 0x2329, 0x2768, 0x27C0, 0x27C3, 0x27C8, 0x27CB, 0x27D3, 0x27DC, 0x27E2, 0x2983, 0x299B,
            0x29A2, 0x29B8, 0x29C0, 0x29C9, 0x29CE, 0x29D4, 0x29D8, 0x29E1, 0x29E3, 0x29E8, 0x29F4, 0x29FC, 0x2A0A,
            0x2A1E, 0x2A24, 0x2A26, 0x2A29, 0x2A2B, 0x2A34, 0x2A3C, 0x2A57, 0x2A64, 0x2A6A, 0x2A6F, 0x2A73, 0x2A79,
            0x2AA6, 0x2AAF, 0x2ADC, 0x2ADE, 0x2AE2, 0x2AEC, 0x2AF3, 0x2AF7, 0x2AFD, 0x2BFE, 0x2E02, 0x2E09, 0x2E0C,
            0x2E1C, 0x2E20, 0x2E55, 0x3008, 0x3014, 0xFE59, 0xFE64, 0xFF08, 0xFF1C, 0xFF1E, 0xFF3B, 0xFF3D, 0xFF5B,
            0xFF5D, 0xFF5F, 0xFF62, 0x1D6DB, 0x1D715, 0x1D74F, 0x1D789, 0x1D7C3,
        };

        private static readonly int[] MirrorEnd =
        {
            0x29, 0x3C, 0x3E, 0x5B, 0x5D, 0x7B, 0x7D, 0xAB, 0xBB, 0xF3D, 0x169C, 0x203A, 0x2046, 0x207E, 0x208E,
            0x2140, 0x2204, 0x220D, 0x2211, 0x2216, 0x221D, 0x2222, 0x2224, 0x2226, 0x2233, 0x2239, 0x224C, 0x2255,
            0x2260, 0x2262, 0x226B, 0x228C, 0x2292, 0x2298, 0x22A3, 0x22B8, 0x22BF, 0x22CD, 0x22D1, 0x22ED, 0x22FF,
            0x230B, 0x2321, 0x232A, 0x2775, 0x27C0, 0x27C6, 0x27C9, 0x27CD, 0x27D6, 0x27DE, 0x27EF, 0x2998, 0x29A0,
            0x29AF, 0x29B8, 0x29C5, 0x29C9, 0x29D2, 0x29D5, 0x29DC, 0x29E1, 0x29E5, 0x29E9, 0x29F9, 0x29FD, 0x2A1C,
            0x2A21, 0x2A24, 0x2A26, 0x2A29, 0x2A2E, 0x2A35, 0x2A3E, 0x2A58, 0x2A65, 0x2A6D, 0x2A70, 0x2A74, 0x2AA3,
            0x2AAD, 0x2AD6, 0x2ADC, 0x2ADE, 0x2AE6, 0x2AEE, 0x2AF3, 0x2AFB, 0x2AFD, 0x2BFE, 0x2E05, 0x2E0A, 0x2E0D,
            0x2E1D, 0x2E29, 0x2E5C, 0x3011, 0x301B, 0xFE5E, 0xFE65, 0xFF09, 0xFF1C, 0xFF1E, 0xFF3B, 0xFF3D, 0xFF5B,
            0xFF5D, 0xFF60, 0xFF63, 0x1D6DB, 0x1D715, 0x1D74F, 0x1D789, 0x1D7C3,
        };

        // Decomposition mappings: DecompCp[i] maps to DecompText[DecompOffset[i] .. DecompOffset[i + 1]).
        private static readonly int[] DecompCp =
        {
            0xA0, 0xA8, 0xAA, 0xAF, 0xB2, 0xB3, 0xB4, 0xB5, 0xB8, 0xB9, 0xBA, 0xBC, 0xBD, 0xBE, 0xC0, 0xC1, 0xC2,
            0xC3, 0xC4, 0xC5, 0xC7, 0xC8, 0xC9, 0xCA, 0xCB, 0xCC, 0xCD, 0xCE, 0xCF, 0xD1, 0xD2, 0xD3, 0xD4, 0xD5,
            0xD6, 0xD9, 0xDA, 0xDB, 0xDC, 0xDD, 0xE0, 0xE1, 0xE2, 0xE3, 0xE4, 0xE5, 0xE7, 0xE8, 0xE9, 0xEA, 0xEB,
            0xEC, 0xED, 0xEE, 0xEF, 0xF1, 0xF2, 0xF3, 0xF4, 0xF5, 0xF6, 0xF9, 0xFA, 0xFB, 0xFC, 0xFD, 0xFF, 0x100,
            0x101, 0x102, 0x103, 0x104, 0x105, 0x106, 0x107, 0x108, 0x109, 0x10A, 0x10B, 0x10C, 0x10D, 0x10E,
            0x10F, 0x112, 0x113, 0x114, 0x115, 0x116, 0x117, 0x118, 0x119, 0x11A, 0x11B, 0x11C, 0x11D, 0x11E,
            0x11F, 0x120, 0x121, 0x122, 0x123, 0x124, 0x125, 0x128, 0x129, 0x12A, 0x12B, 0x12C, 0x12D, 0x12E,
            0x12F, 0x130, 0x132, 0x133, 0x134, 0x135, 0x136, 0x137, 0x139, 0x13A, 0x13B, 0x13C, 0x13D, 0x13E,
            0x13F, 0x140, 0x143, 0x144, 0x145, 0x146, 0x147, 0x148, 0x149, 0x14C, 0x14D, 0x14E, 0x14F, 0x150,
            0x151, 0x154, 0x155, 0x156, 0x157, 0x158, 0x159, 0x15A, 0x15B, 0x15C, 0x15D, 0x15E, 0x15F, 0x160,
            0x161, 0x162, 0x163, 0x164, 0x165, 0x168, 0x169, 0x16A, 0x16B, 0x16C, 0x16D, 0x16E, 0x16F, 0x170,
            0x171, 0x172, 0x173, 0x174, 0x175, 0x176, 0x177, 0x178, 0x179, 0x17A, 0x17B, 0x17C, 0x17D, 0x17E,
            0x17F, 0x1A0, 0x1A1, 0x1AF, 0x1B0, 0x1C4, 0x1C5, 0x1C6, 0x1C7, 0x1C8, 0x1C9, 0x1CA, 0x1CB, 0x1CC,
            0x1CD, 0x1CE, 0x1CF, 0x1D0, 0x1D1, 0x1D2, 0x1D3, 0x1D4, 0x1D5, 0x1D6, 0x1D7, 0x1D8, 0x1D9, 0x1DA,
            0x1DB, 0x1DC, 0x1DE, 0x1DF, 0x1E0, 0x1E1, 0x1E2, 0x1E3, 0x1E6, 0x1E7, 0x1E8, 0x1E9, 0x1EA, 0x1EB,
            0x1EC, 0x1ED, 0x1EE, 0x1EF, 0x1F0, 0x1F1, 0x1F2, 0x1F3, 0x1F4, 0x1F5, 0x1F8, 0x1F9, 0x1FA, 0x1FB,
            0x1FC, 0x1FD, 0x1FE, 0x1FF, 0x200, 0x201, 0x202, 0x203, 0x204, 0x205, 0x206, 0x207, 0x208, 0x209,
            0x20A, 0x20B, 0x20C, 0x20D, 0x20E, 0x20F, 0x210, 0x211, 0x212, 0x213, 0x214, 0x215, 0x216, 0x217,
            0x218, 0x219, 0x21A, 0x21B, 0x21E, 0x21F, 0x226, 0x227, 0x228, 0x229, 0x22A, 0x22B, 0x22C, 0x22D,
            0x22E, 0x22F, 0x230, 0x231, 0x232, 0x233, 0x2B0, 0x2B1, 0x2B2, 0x2B3, 0x2B4, 0x2B5, 0x2B6, 0x2B7,
            0x2B8, 0x2D8, 0x2D9, 0x2DA, 0x2DB, 0x2DC, 0x2DD, 0x2E0, 0x2E1, 0x2E2, 0x2E3, 0x2E4, 0x340, 0x341,
            0x343, 0x344, 0x374, 0x37A, 0x37E, 0x384, 0x385, 0x386, 0x387, 0x388, 0x389, 0x38A, 0x38C, 0x38E,
            0x38F, 0x390, 0x3AA, 0x3AB, 0x3AC, 0x3AD, 0x3AE, 0x3AF, 0x3B0, 0x3CA, 0x3CB, 0x3CC, 0x3CD, 0x3CE,
            0x3D0, 0x3D1, 0x3D2, 0x3D3, 0x3D4, 0x3D5, 0x3D6, 0x3F0, 0x3F1, 0x3F2, 0x3F4, 0x3F5, 0x3F9, 0x400,
            0x401, 0x403, 0x407, 0x40C, 0x40D, 0x40E, 0x419, 0x439, 0x450, 0x451, 0x453, 0x457, 0x45C, 0x45D,
            0x45E, 0x476, 0x477, 0x4C1, 0x4C2, 0x4D0, 0x4D1, 0x4D2, 0x4D3, 0x4D6, 0x4D7, 0x4DA, 0x4DB, 0x4DC,
            0x4DD, 0x4DE, 0x4DF, 0x4E2, 0x4E3, 0x4E4, 0x4E5, 0x4E6, 0x4E7, 0x4EA, 0x4EB, 0x4EC, 0x4ED, 0x4EE,
            0x4EF, 0x4F0, 0x4F1, 0x4F2, 0x4F3, 0x4F4, 0x4F5, 0x4F8, 0x4F9, 0x587, 0x622, 0x623, 0x624, 0x625,
            0x626, 0x675, 0x676, 0x677, 0x678, 0x6C0, 0x6C2, 0x6D3, 0x929, 0x931, 0x934, 0x958, 0x959, 0x95A,
            0x95B, 0x95C, 0x95D, 0x95E, 0x95F, 0x9CB, 0x9CC, 0x9DC, 0x9DD, 0x9DF, 0xA33, 0xA36, 0xA59, 0xA5A,
            0xA5B, 0xA5E, 0xB48, 0xB4B, 0xB4C, 0xB5C, 0xB5D, 0xB94, 0xBCA, 0xBCB, 0xBCC, 0xC48, 0xCC0, 0xCC7,
            0xCC8, 0xCCA, 0xCCB, 0xD4A, 0xD4B, 0xD4C, 0xDDA, 0xDDC, 0xDDD, 0xDDE, 0xE33, 0xEB3, 0xEDC, 0xEDD,
            0xF0C, 0xF43, 0xF4D, 0xF52, 0xF57, 0xF5C, 0xF69, 0xF73, 0xF75, 0xF76, 0xF77, 0xF78, 0xF79, 0xF81,
            0xF93, 0xF9D, 0xFA2, 0xFA7, 0xFAC, 0xFB9, 0x1026, 0x10FC, 0x1B06, 0x1B08, 0x1B0A, 0x1B0C, 0x1B0E,
            0x1B12, 0x1B3B, 0x1B3D, 0x1B40, 0x1B41, 0x1B43, 0x1D2C, 0x1D2D, 0x1D2E, 0x1D30, 0x1D31, 0x1D32, 0x1D33,
            0x1D34, 0x1D35, 0x1D36, 0x1D37, 0x1D38, 0x1D39, 0x1D3A, 0x1D3C, 0x1D3D, 0x1D3E, 0x1D3F, 0x1D40, 0x1D41,
            0x1D42, 0x1D43, 0x1D44, 0x1D45, 0x1D46, 0x1D47, 0x1D48, 0x1D49, 0x1D4A, 0x1D4B, 0x1D4C, 0x1D4D, 0x1D4F,
            0x1D50, 0x1D51, 0x1D52, 0x1D53, 0x1D54, 0x1D55, 0x1D56, 0x1D57, 0x1D58, 0x1D59, 0x1D5A, 0x1D5B, 0x1D5C,
            0x1D5D, 0x1D5E, 0x1D5F, 0x1D60, 0x1D61, 0x1D62, 0x1D63, 0x1D64, 0x1D65, 0x1D66, 0x1D67, 0x1D68, 0x1D69,
            0x1D6A, 0x1D78, 0x1D9B, 0x1D9C, 0x1D9D, 0x1D9E, 0x1D9F, 0x1DA0, 0x1DA1, 0x1DA2, 0x1DA3, 0x1DA4, 0x1DA5,
            0x1DA6, 0x1DA7, 0x1DA8, 0x1DA9, 0x1DAA, 0x1DAB, 0x1DAC, 0x1DAD, 0x1DAE, 0x1DAF, 0x1DB0, 0x1DB1, 0x1DB2,
            0x1DB3, 0x1DB4, 0x1DB5, 0x1DB6, 0x1DB7, 0x1DB8, 0x1DB9, 0x1DBA, 0x1DBB, 0x1DBC, 0x1DBD, 0x1DBE, 0x1DBF,
            0x1E00, 0x1E01, 0x1E02, 0x1E03, 0x1E04, 0x1E05, 0x1E06, 0x1E07, 0x1E08, 0x1E09, 0x1E0A, 0x1E0B, 0x1E0C,
            0x1E0D, 0x1E0E, 0x1E0F, 0x1E10, 0x1E11, 0x1E12, 0x1E13, 0x1E14, 0x1E15, 0x1E16, 0x1E17, 0x1E18, 0x1E19,
            0x1E1A, 0x1E1B, 0x1E1C, 0x1E1D, 0x1E1E, 0x1E1F, 0x1E20, 0x1E21, 0x1E22, 0x1E23, 0x1E24, 0x1E25, 0x1E26,
            0x1E27, 0x1E28, 0x1E29, 0x1E2A, 0x1E2B, 0x1E2C, 0x1E2D, 0x1E2E, 0x1E2F, 0x1E30, 0x1E31, 0x1E32, 0x1E33,
            0x1E34, 0x1E35, 0x1E36, 0x1E37, 0x1E38, 0x1E39, 0x1E3A, 0x1E3B, 0x1E3C, 0x1E3D, 0x1E3E, 0x1E3F, 0x1E40,
            0x1E41, 0x1E42, 0x1E43, 0x1E44, 0x1E45, 0x1E46, 0x1E47, 0x1E48, 0x1E49, 0x1E4A, 0x1E4B, 0x1E4C, 0x1E4D,
            0x1E4E, 0x1E4F, 0x1E50, 0x1E51, 0x1E52, 0x1E53, 0x1E54, 0x1E55, 0x1E56, 0x1E57, 0x1E58, 0x1E59, 0x1E5A,
            0x1E5B, 0x1E5C, 0x1E5D, 0x1E5E, 0x1E5F, 0x1E60, 0x1E61, 0x1E62, 0x1E63, 0x1E64, 0x1E65, 0x1E66, 0x1E67,
            0x1E68, 0x1E69, 0x1E6A, 0x1E6B, 0x1E6C, 0x1E6D, 0x1E6E, 0x1E6F, 0x1E70, 0x1E71, 0x1E72, 0x1E73, 0x1E74,
            0x1E75, 0x1E76, 0x1E77, 0x1E78, 0x1E79, 0x1E7A, 0x1E7B, 0x1E7C, 0x1E7D, 0x1E7E, 0x1E7F, 0x1E80, 0x1E81,
            0x1E82, 0x1E83, 0x1E84, 0x1E85, 0x1E86, 0x1E87, 0x1E88, 0x1E89, 0x1E8A, 0x1E8B, 0x1E8C, 0x1E8D, 0x1E8E,
            0x1E8F, 0x1E90, 0x1E91, 0x1E92, 0x1E93, 0x1E94, 0x1E95, 0x1E96, 0x1E97, 0x1E98, 0x1E99, 0x1E9A, 0x1E9B,
            0x1EA0, 0x1EA1, 0x1EA2, 0x1EA3, 0x1EA4, 0x1EA5, 0x1EA6, 0x1EA7, 0x1EA8, 0x1EA9, 0x1EAA, 0x1EAB, 0x1EAC,
            0x1EAD, 0x1EAE, 0x1EAF, 0x1EB0, 0x1EB1, 0x1EB2, 0x1EB3, 0x1EB4, 0x1EB5, 0x1EB6, 0x1EB7, 0x1EB8, 0x1EB9,
            0x1EBA, 0x1EBB, 0x1EBC, 0x1EBD, 0x1EBE, 0x1EBF, 0x1EC0, 0x1EC1, 0x1EC2, 0x1EC3, 0x1EC4, 0x1EC5, 0x1EC6,
            0x1EC7, 0x1EC8, 0x1EC9, 0x1ECA, 0x1ECB, 0x1ECC, 0x1ECD, 0x1ECE, 0x1ECF, 0x1ED0, 0x1ED1, 0x1ED2, 0x1ED3,
            0x1ED4, 0x1ED5, 0x1ED6, 0x1ED7, 0x1ED8, 0x1ED9, 0x1EDA, 0x1EDB, 0x1EDC, 0x1EDD, 0x1EDE, 0x1EDF, 0x1EE0,
            0x1EE1, 0x1EE2, 0x1EE3, 0x1EE4, 0x1EE5, 0x1EE6, 0x1EE7, 0x1EE8, 0x1EE9, 0x1EEA, 0x1EEB, 0x1EEC, 0x1EED,
            0x1EEE, 0x1EEF, 0x1EF0, 0x1EF1, 0x1EF2, 0x1EF3, 0x1EF4, 0x1EF5, 0x1EF6, 0x1EF7, 0x1EF8, 0x1EF9, 0x1F00,
            0x1F01, 0x1F02, 0x1F03, 0x1F04, 0x1F05, 0x1F06, 0x1F07, 0x1F08, 0x1F09, 0x1F0A, 0x1F0B, 0x1F0C, 0x1F0D,
            0x1F0E, 0x1F0F, 0x1F10, 0x1F11, 0x1F12, 0x1F13, 0x1F14, 0x1F15, 0x1F18, 0x1F19, 0x1F1A, 0x1F1B, 0x1F1C,
            0x1F1D, 0x1F20, 0x1F21, 0x1F22, 0x1F23, 0x1F24, 0x1F25, 0x1F26, 0x1F27, 0x1F28, 0x1F29, 0x1F2A, 0x1F2B,
            0x1F2C, 0x1F2D, 0x1F2E, 0x1F2F, 0x1F30, 0x1F31, 0x1F32, 0x1F33, 0x1F34, 0x1F35, 0x1F36, 0x1F37, 0x1F38,
            0x1F39, 0x1F3A, 0x1F3B, 0x1F3C, 0x1F3D, 0x1F3E, 0x1F3F, 0x1F40, 0x1F41, 0x1F42, 0x1F43, 0x1F44, 0x1F45,
            0x1F48, 0x1F49, 0x1F4A, 0x1F4B, 0x1F4C, 0x1F4D, 0x1F50, 0x1F51, 0x1F52, 0x1F53, 0x1F54, 0x1F55, 0x1F56,
            0x1F57, 0x1F59, 0x1F5B, 0x1F5D, 0x1F5F, 0x1F60, 0x1F61, 0x1F62, 0x1F63, 0x1F64, 0x1F65, 0x1F66, 0x1F67,
            0x1F68, 0x1F69, 0x1F6A, 0x1F6B, 0x1F6C, 0x1F6D, 0x1F6E, 0x1F6F, 0x1F70, 0x1F71, 0x1F72, 0x1F73, 0x1F74,
            0x1F75, 0x1F76, 0x1F77, 0x1F78, 0x1F79, 0x1F7A, 0x1F7B, 0x1F7C, 0x1F7D, 0x1F80, 0x1F81, 0x1F82, 0x1F83,
            0x1F84, 0x1F85, 0x1F86, 0x1F87, 0x1F88, 0x1F89, 0x1F8A, 0x1F8B, 0x1F8C, 0x1F8D, 0x1F8E, 0x1F8F, 0x1F90,
            0x1F91, 0x1F92, 0x1F93, 0x1F94, 0x1F95, 0x1F96, 0x1F97, 0x1F98, 0x1F99, 0x1F9A, 0x1F9B, 0x1F9C, 0x1F9D,
            0x1F9E, 0x1F9F, 0x1FA0, 0x1FA1, 0x1FA2, 0x1FA3, 0x1FA4, 0x1FA5, 0x1FA6, 0x1FA7, 0x1FA8, 0x1FA9, 0x1FAA,
            0x1FAB, 0x1FAC, 0x1FAD, 0x1FAE, 0x1FAF, 0x1FB0, 0x1FB1, 0x1FB2, 0x1FB3, 0x1FB4, 0x1FB6, 0x1FB7, 0x1FB8,
            0x1FB9, 0x1FBA, 0x1FBB, 0x1FBC, 0x1FBD, 0x1FBE, 0x1FBF, 0x1FC0, 0x1FC1, 0x1FC2, 0x1FC3, 0x1FC4, 0x1FC6,
            0x1FC7, 0x1FC8, 0x1FC9, 0x1FCA, 0x1FCB, 0x1FCC, 0x1FCD, 0x1FCE, 0x1FCF, 0x1FD0, 0x1FD1, 0x1FD2, 0x1FD3,
            0x1FD6, 0x1FD7, 0x1FD8, 0x1FD9, 0x1FDA, 0x1FDB, 0x1FDD, 0x1FDE, 0x1FDF, 0x1FE0, 0x1FE1, 0x1FE2, 0x1FE3,
            0x1FE4, 0x1FE5, 0x1FE6, 0x1FE7, 0x1FE8, 0x1FE9, 0x1FEA, 0x1FEB, 0x1FEC, 0x1FED, 0x1FEE, 0x1FEF, 0x1FF2,
            0x1FF3, 0x1FF4, 0x1FF6, 0x1FF7, 0x1FF8, 0x1FF9, 0x1FFA, 0x1FFB, 0x1FFC, 0x1FFD, 0x1FFE, 0x2000, 0x2001,
            0x2002, 0x2003, 0x2004, 0x2005, 0x2006, 0x2007, 0x2008, 0x2009, 0x200A, 0x2011, 0x2017, 0x2024, 0x2025,
            0x2026, 0x202F, 0x2033, 0x2034, 0x2036, 0x2037, 0x203C, 0x203E, 0x2047, 0x2048, 0x2049, 0x2057, 0x205F,
            0x2070, 0x2071, 0x2074, 0x2075, 0x2076, 0x2077, 0x2078, 0x2079, 0x207A, 0x207B, 0x207C, 0x207D, 0x207E,
            0x207F, 0x2080, 0x2081, 0x2082, 0x2083, 0x2084, 0x2085, 0x2086, 0x2087, 0x2088, 0x2089, 0x208A, 0x208B,
            0x208C, 0x208D, 0x208E, 0x2090, 0x2091, 0x2092, 0x2093, 0x2094, 0x2095, 0x2096, 0x2097, 0x2098, 0x2099,
            0x209A, 0x209B, 0x209C, 0x20A8, 0x2100, 0x2101, 0x2102, 0x2103, 0x2105, 0x2106, 0x2107, 0x2109, 0x210A,
            0x210B, 0x210C, 0x210D, 0x210E, 0x210F, 0x2110, 0x2111, 0x2112, 0x2113, 0x2115, 0x2116, 0x2119, 0x211A,
            0x211B, 0x211C, 0x211D, 0x2120, 0x2121, 0x2122, 0x2124, 0x2126, 0x2128, 0x212A, 0x212B, 0x212C, 0x212D,
            0x212F, 0x2130, 0x2131, 0x2133, 0x2134, 0x2135, 0x2136, 0x2137, 0x2138, 0x2139, 0x213B, 0x213C, 0x213D,
            0x213E, 0x213F, 0x2140, 0x2145, 0x2146, 0x2147, 0x2148, 0x2149, 0x2150, 0x2151, 0x2152, 0x2153, 0x2154,
            0x2155, 0x2156, 0x2157, 0x2158, 0x2159, 0x215A, 0x215B, 0x215C, 0x215D, 0x215E, 0x215F, 0x2160, 0x2161,
            0x2162, 0x2163, 0x2164, 0x2165, 0x2166, 0x2167, 0x2168, 0x2169, 0x216A, 0x216B, 0x216C, 0x216D, 0x216E,
            0x216F, 0x2170, 0x2171, 0x2172, 0x2173, 0x2174, 0x2175, 0x2176, 0x2177, 0x2178, 0x2179, 0x217A, 0x217B,
            0x217C, 0x217D, 0x217E, 0x217F, 0x2189, 0x219A, 0x219B, 0x21AE, 0x21CD, 0x21CE, 0x21CF, 0x2204, 0x2209,
            0x220C, 0x2224, 0x2226, 0x222C, 0x222D, 0x222F, 0x2230, 0x2241, 0x2244, 0x2247, 0x2249, 0x2260, 0x2262,
            0x226D, 0x226E, 0x226F, 0x2270, 0x2271, 0x2274, 0x2275, 0x2278, 0x2279, 0x2280, 0x2281, 0x2284, 0x2285,
            0x2288, 0x2289, 0x22AC, 0x22AD, 0x22AE, 0x22AF, 0x22E0, 0x22E1, 0x22E2, 0x22E3, 0x22EA, 0x22EB, 0x22EC,
            0x22ED, 0x2329, 0x232A, 0x2460, 0x2461, 0x2462, 0x2463, 0x2464, 0x2465, 0x2466, 0x2467, 0x2468, 0x2469,
            0x246A, 0x246B, 0x246C, 0x246D, 0x246E, 0x246F, 0x2470, 0x2471, 0x2472, 0x2473, 0x2474, 0x2475, 0x2476,
            0x2477, 0x2478, 0x2479, 0x247A, 0x247B, 0x247C, 0x247D, 0x247E, 0x247F, 0x2480, 0x2481, 0x2482, 0x2483,
            0x2484, 0x2485, 0x2486, 0x2487, 0x2488, 0x2489, 0x248A, 0x248B, 0x248C, 0x248D, 0x248E, 0x248F, 0x2490,
            0x2491, 0x2492, 0x2493, 0x2494, 0x2495, 0x2496, 0x2497, 0x2498, 0x2499, 0x249A, 0x249B, 0x249C, 0x249D,
            0x249E, 0x249F, 0x24A0, 0x24A1, 0x24A2, 0x24A3, 0x24A4, 0x24A5, 0x24A6, 0x24A7, 0x24A8, 0x24A9, 0x24AA,
            0x24AB, 0x24AC, 0x24AD, 0x24AE, 0x24AF, 0x24B0, 0x24B1, 0x24B2, 0x24B3, 0x24B4, 0x24B5, 0x24B6, 0x24B7,
            0x24B8, 0x24B9, 0x24BA, 0x24BB, 0x24BC, 0x24BD, 0x24BE, 0x24BF, 0x24C0, 0x24C1, 0x24C2, 0x24C3, 0x24C4,
            0x24C5, 0x24C6, 0x24C7, 0x24C8, 0x24C9, 0x24CA, 0x24CB, 0x24CC, 0x24CD, 0x24CE, 0x24CF, 0x24D0, 0x24D1,
            0x24D2, 0x24D3, 0x24D4, 0x24D5, 0x24D6, 0x24D7, 0x24D8, 0x24D9, 0x24DA, 0x24DB, 0x24DC, 0x24DD, 0x24DE,
            0x24DF, 0x24E0, 0x24E1, 0x24E2, 0x24E3, 0x24E4, 0x24E5, 0x24E6, 0x24E7, 0x24E8, 0x24E9, 0x24EA, 0x2A0C,
            0x2A74, 0x2A75, 0x2A76, 0x2ADC, 0x2C7C, 0x2C7D, 0x2D6F, 0x2E9F, 0x2EF3, 0x2F00, 0x2F01, 0x2F02, 0x2F03,
            0x2F04, 0x2F05, 0x2F06, 0x2F07, 0x2F08, 0x2F09, 0x2F0A, 0x2F0B, 0x2F0C, 0x2F0D, 0x2F0E, 0x2F0F, 0x2F10,
            0x2F11, 0x2F12, 0x2F13, 0x2F14, 0x2F15, 0x2F16, 0x2F17, 0x2F18, 0x2F19, 0x2F1A, 0x2F1B, 0x2F1C, 0x2F1D,
            0x2F1E, 0x2F1F, 0x2F20, 0x2F21, 0x2F22, 0x2F23, 0x2F24, 0x2F25, 0x2F26, 0x2F27, 0x2F28, 0x2F29, 0x2F2A,
            0x2F2B, 0x2F2C, 0x2F2D, 0x2F2E, 0x2F2F, 0x2F30, 0x2F31, 0x2F32, 0x2F33, 0x2F34, 0x2F35, 0x2F36, 0x2F37,
            0x2F38, 0x2F39, 0x2F3A, 0x2F3B, 0x2F3C, 0x2F3D, 0x2F3E, 0x2F3F, 0x2F40, 0x2F41, 0x2F42, 0x2F43, 0x2F44,
            0x2F45, 0x2F46, 0x2F47, 0x2F48, 0x2F49, 0x2F4A, 0x2F4B, 0x2F4C, 0x2F4D, 0x2F4E, 0x2F4F, 0x2F50, 0x2F51,
            0x2F52, 0x2F53, 0x2F54, 0x2F55, 0x2F56, 0x2F57, 0x2F58, 0x2F59, 0x2F5A, 0x2F5B, 0x2F5C, 0x2F5D, 0x2F5E,
            0x2F5F, 0x2F60, 0x2F61, 0x2F62, 0x2F63, 0x2F64, 0x2F65, 0x2F66, 0x2F67, 0x2F68, 0x2F69, 0x2F6A, 0x2F6B,
            0x2F6C, 0x2F6D, 0x2F6E, 0x2F6F, 0x2F70, 0x2F71, 0x2F72, 0x2F73, 0x2F74, 0x2F75, 0x2F76, 0x2F77, 0x2F78,
            0x2F79, 0x2F7A, 0x2F7B, 0x2F7C, 0x2F7D, 0x2F7E, 0x2F7F, 0x2F80, 0x2F81, 0x2F82, 0x2F83, 0x2F84, 0x2F85,
            0x2F86, 0x2F87, 0x2F88, 0x2F89, 0x2F8A, 0x2F8B, 0x2F8C, 0x2F8D, 0x2F8E, 0x2F8F, 0x2F90, 0x2F91, 0x2F92,
            0x2F93, 0x2F94, 0x2F95, 0x2F96, 0x2F97, 0x2F98, 0x2F99, 0x2F9A, 0x2F9B, 0x2F9C, 0x2F9D, 0x2F9E, 0x2F9F,
            0x2FA0, 0x2FA1, 0x2FA2, 0x2FA3, 0x2FA4, 0x2FA5, 0x2FA6, 0x2FA7, 0x2FA8, 0x2FA9, 0x2FAA, 0x2FAB, 0x2FAC,
            0x2FAD, 0x2FAE, 0x2FAF, 0x2FB0, 0x2FB1, 0x2FB2, 0x2FB3, 0x2FB4, 0x2FB5, 0x2FB6, 0x2FB7, 0x2FB8, 0x2FB9,
            0x2FBA, 0x2FBB, 0x2FBC, 0x2FBD, 0x2FBE, 0x2FBF, 0x2FC0, 0x2FC1, 0x2FC2, 0x2FC3, 0x2FC4, 0x2FC5, 0x2FC6,
            0x2FC7, 0x2FC8, 0x2FC9, 0x2FCA, 0x2FCB, 0x2FCC, 0x2FCD, 0x2FCE, 0x2FCF, 0x2FD0, 0x2FD1, 0x2FD2, 0x2FD3,
            0x2FD4, 0x2FD5, 0x3000, 0x3036, 0x3038, 0x3039, 0x303A, 0x304C, 0x304E, 0x3050, 0x3052, 0x3054, 0x3056,
            0x3058, 0x305A, 0x305C, 0x305E, 0x3060, 0x3062, 0x3065, 0x3067, 0x3069, 0x3070, 0x3071, 0x3073, 0x3074,
            0x3076, 0x3077, 0x3079, 0x307A, 0x307C, 0x307D, 0x3094, 0x309B, 0x309C, 0x309E, 0x309F, 0x30AC, 0x30AE,
            0x30B0, 0x30B2, 0x30B4, 0x30B6, 0x30B8, 0x30BA, 0x30BC, 0x30BE, 0x30C0, 0x30C2, 0x30C5, 0x30C7, 0x30C9,
            0x30D0, 0x30D1, 0x30D3, 0x30D4, 0x30D6, 0x30D7, 0x30D9, 0x30DA, 0x30DC, 0x30DD, 0x30F4, 0x30F7, 0x30F8,
            0x30F9, 0x30FA, 0x30FE, 0x30FF, 0x3131, 0x3132, 0x3133, 0x3134, 0x3135, 0x3136, 0x3137, 0x3138, 0x3139,
            0x313A, 0x313B, 0x313C, 0x313D, 0x313E, 0x313F, 0x3140, 0x3141, 0x3142, 0x3143, 0x3144, 0x3145, 0x3146,
            0x3147, 0x3148, 0x3149, 0x314A, 0x314B, 0x314C, 0x314D, 0x314E, 0x314F, 0x3150, 0x3151, 0x3152, 0x3153,
            0x3154, 0x3155, 0x3156, 0x3157, 0x3158, 0x3159, 0x315A, 0x315B, 0x315C, 0x315D, 0x315E, 0x315F, 0x3160,
            0x3161, 0x3162, 0x3163, 0x3164, 0x3165, 0x3166, 0x3167, 0x3168, 0x3169, 0x316A, 0x316B, 0x316C, 0x316D,
            0x316E, 0x316F, 0x3170, 0x3171, 0x3172, 0x3173, 0x3174, 0x3175, 0x3176, 0x3177, 0x3178, 0x3179, 0x317A,
            0x317B, 0x317C, 0x317D, 0x317E, 0x317F, 0x3180, 0x3181, 0x3182, 0x3183, 0x3184, 0x3185, 0x3186, 0x3187,
            0x3188, 0x3189, 0x318A, 0x318B, 0x318C, 0x318D, 0x318E, 0x3192, 0x3193, 0x3194, 0x3195, 0x3196, 0x3197,
            0x3198, 0x3199, 0x319A, 0x319B, 0x319C, 0x319D, 0x319E, 0x319F, 0x3200, 0x3201, 0x3202, 0x3203, 0x3204,
            0x3205, 0x3206, 0x3207, 0x3208, 0x3209, 0x320A, 0x320B, 0x320C, 0x320D, 0x320E, 0x320F, 0x3210, 0x3211,
            0x3212, 0x3213, 0x3214, 0x3215, 0x3216, 0x3217, 0x3218, 0x3219, 0x321A, 0x321B, 0x321C, 0x321D, 0x321E,
            0x3220, 0x3221, 0x3222, 0x3223, 0x3224, 0x3225, 0x3226, 0x3227, 0x3228, 0x3229, 0x322A, 0x322B, 0x322C,
            0x322D, 0x322E, 0x322F, 0x3230, 0x3231, 0x3232, 0x3233, 0x3234, 0x3235, 0x3236, 0x3237, 0x3238, 0x3239,
            0x323A, 0x323B, 0x323C, 0x323D, 0x323E, 0x323F, 0x3240, 0x3241, 0x3242, 0x3243, 0x3244, 0x3245, 0x3246,
            0x3247, 0x3250, 0x3251, 0x3252, 0x3253, 0x3254, 0x3255, 0x3256, 0x3257, 0x3258, 0x3259, 0x325A, 0x325B,
            0x325C, 0x325D, 0x325E, 0x325F, 0x3260, 0x3261, 0x3262, 0x3263, 0x3264, 0x3265, 0x3266, 0x3267, 0x3268,
            0x3269, 0x326A, 0x326B, 0x326C, 0x326D, 0x326E, 0x326F, 0x3270, 0x3271, 0x3272, 0x3273, 0x3274, 0x3275,
            0x3276, 0x3277, 0x3278, 0x3279, 0x327A, 0x327B, 0x327C, 0x327D, 0x327E, 0x3280, 0x3281, 0x3282, 0x3283,
            0x3284, 0x3285, 0x3286, 0x3287, 0x3288, 0x3289, 0x328A, 0x328B, 0x328C, 0x328D, 0x328E, 0x328F, 0x3290,
            0x3291, 0x3292, 0x3293, 0x3294, 0x3295, 0x3296, 0x3297, 0x3298, 0x3299, 0x329A, 0x329B, 0x329C, 0x329D,
            0x329E, 0x329F, 0x32A0, 0x32A1, 0x32A2, 0x32A3, 0x32A4, 0x32A5, 0x32A6, 0x32A7, 0x32A8, 0x32A9, 0x32AA,
            0x32AB, 0x32AC, 0x32AD, 0x32AE, 0x32AF, 0x32B0, 0x32B1, 0x32B2, 0x32B3, 0x32B4, 0x32B5, 0x32B6, 0x32B7,
            0x32B8, 0x32B9, 0x32BA, 0x32BB, 0x32BC, 0x32BD, 0x32BE, 0x32BF, 0x32C0, 0x32C1, 0x32C2, 0x32C3, 0x32C4,
            0x32C5, 0x32C6, 0x32C7, 0x32C8, 0x32C9, 0x32CA, 0x32CB, 0x32CC, 0x32CD, 0x32CE, 0x32CF, 0x32D0, 0x32D1,
            0x32D2, 0x32D3, 0x32D4, 0x32D5, 0x32D6, 0x32D7, 0x32D8, 0x32D9, 0x32DA, 0x32DB, 0x32DC, 0x32DD, 0x32DE,
            0x32DF, 0x32E0, 0x32E1, 0x32E2, 0x32E3, 0x32E4, 0x32E5, 0x32E6, 0x32E7, 0x32E8, 0x32E9, 0x32EA, 0x32EB,
            0x32EC, 0x32ED, 0x32EE, 0x32EF, 0x32F0, 0x32F1, 0x32F2, 0x32F3, 0x32F4, 0x32F5, 0x32F6, 0x32F7, 0x32F8,
            0x32F9, 0x32FA, 0x32FB, 0x32FC, 0x32FD, 0x32FE, 0x32FF, 0x3300, 0x3301, 0x3302, 0x3303, 0x3304, 0x3305,
            0x3306, 0x3307, 0x3308, 0x3309, 0x330A, 0x330B, 0x330C, 0x330D, 0x330E, 0x330F, 0x3310, 0x3311, 0x3312,
            0x3313, 0x3314, 0x3315, 0x3316, 0x3317, 0x3318, 0x3319, 0x331A, 0x331B, 0x331C, 0x331D, 0x331E, 0x331F,
            0x3320, 0x3321, 0x3322, 0x3323, 0x3324, 0x3325, 0x3326, 0x3327, 0x3328, 0x3329, 0x332A, 0x332B, 0x332C,
            0x332D, 0x332E, 0x332F, 0x3330, 0x3331, 0x3332, 0x3333, 0x3334, 0x3335, 0x3336, 0x3337, 0x3338, 0x3339,
            0x333A, 0x333B, 0x333C, 0x333D, 0x333E, 0x333F, 0x3340, 0x3341, 0x3342, 0x3343, 0x3344, 0x3345, 0x3346,
            0x3347, 0x3348, 0x3349, 0x334A, 0x334B, 0x334C, 0x334D, 0x334E, 0x334F, 0x3350, 0x3351, 0x3352, 0x3353,
            0x3354, 0x3355, 0x3356, 0x3357, 0x3358, 0x3359, 0x335A, 0x335B, 0x335C, 0x335D, 0x335E, 0x335F, 0x3360,
            0x3361, 0x3362, 0x3363, 0x3364, 0x3365, 0x3366, 0x3367, 0x3368, 0x3369, 0x336A, 0x336B, 0x336C, 0x336D,
            0x336E, 0x336F, 0x3370, 0x3371, 0x3372, 0x3373, 0x3374, 0x3375, 0x3376, 0x3377, 0x3378, 0x3379, 0x337A,
            0x337B, 0x337C, 0x337D, 0x337E, 0x337F, 0x3380, 0x3381, 0x3382, 0x3383, 0x3384, 0x3385, 0x3386, 0x3387,
            0x3388, 0x3389, 0x338A, 0x338B, 0x338C, 0x338D, 0x338E, 0x338F, 0x3390, 0x3391, 0x3392, 0x3393, 0x3394,
            0x3395, 0x3396, 0x3397, 0x3398, 0x3399, 0x339A, 0x339B, 0x339C, 0x339D, 0x339E, 0x339F, 0x33A0, 0x33A1,
            0x33A2, 0x33A3, 0x33A4, 0x33A5, 0x33A6, 0x33A7, 0x33A8, 0x33A9, 0x33AA, 0x33AB, 0x33AC, 0x33AD, 0x33AE,
            0x33AF, 0x33B0, 0x33B1, 0x33B2, 0x33B3, 0x33B4, 0x33B5, 0x33B6, 0x33B7, 0x33B8, 0x33B9, 0x33BA, 0x33BB,
            0x33BC, 0x33BD, 0x33BE, 0x33BF, 0x33C0, 0x33C1, 0x33C2, 0x33C3, 0x33C4, 0x33C5, 0x33C6, 0x33C7, 0x33C8,
            0x33C9, 0x33CA, 0x33CB, 0x33CC, 0x33CD, 0x33CE, 0x33CF, 0x33D0, 0x33D1, 0x33D2, 0x33D3, 0x33D4, 0x33D5,
            0x33D6, 0x33D7, 0x33D8, 0x33D9, 0x33DA, 0x33DB, 0x33DC, 0x33DD, 0x33DE, 0x33DF, 0x33E0, 0x33E1, 0x33E2,
            0x33E3, 0x33E4, 0x33E5, 0x33E6, 0x33E7, 0x33E8, 0x33E9, 0x33EA, 0x33EB, 0x33EC, 0x33ED, 0x33EE, 0x33EF,
            0x33F0, 0x33F1, 0x33F2, 0x33F3, 0x33F4, 0x33F5, 0x33F6, 0x33F7, 0x33F8, 0x33F9, 0x33FA, 0x33FB, 0x33FC,
            0x33FD, 0x33FE, 0x33FF, 0xA69C, 0xA69D, 0xA770, 0xA7F2, 0xA7F3, 0xA7F4, 0xA7F8, 0xA7F9, 0xAB5C, 0xAB5D,
            0xAB5E, 0xAB5F, 0xAB69, 0xF900, 0xF901, 0xF902, 0xF903, 0xF904, 0xF905, 0xF906, 0xF907, 0xF908, 0xF909,
            0xF90A, 0xF90B, 0xF90C, 0xF90D, 0xF90E, 0xF90F, 0xF910, 0xF911, 0xF912, 0xF913, 0xF914, 0xF915, 0xF916,
            0xF917, 0xF918, 0xF919, 0xF91A, 0xF91B, 0xF91C, 0xF91D, 0xF91E, 0xF91F, 0xF920, 0xF921, 0xF922, 0xF923,
            0xF924, 0xF925, 0xF926, 0xF927, 0xF928, 0xF929, 0xF92A, 0xF92B, 0xF92C, 0xF92D, 0xF92E, 0xF92F, 0xF930,
            0xF931, 0xF932, 0xF933, 0xF934, 0xF935, 0xF936, 0xF937, 0xF938, 0xF939, 0xF93A, 0xF93B, 0xF93C, 0xF93D,
            0xF93E, 0xF93F, 0xF940, 0xF941, 0xF942, 0xF943, 0xF944, 0xF945, 0xF946, 0xF947, 0xF948, 0xF949, 0xF94A,
            0xF94B, 0xF94C, 0xF94D, 0xF94E, 0xF94F, 0xF950, 0xF951, 0xF952, 0xF953, 0xF954, 0xF955, 0xF956, 0xF957,
            0xF958, 0xF959, 0xF95A, 0xF95B, 0xF95C, 0xF95D, 0xF95E, 0xF95F, 0xF960, 0xF961, 0xF962, 0xF963, 0xF964,
            0xF965, 0xF966, 0xF967, 0xF968, 0xF969, 0xF96A, 0xF96B, 0xF96C, 0xF96D, 0xF96E, 0xF96F, 0xF970, 0xF971,
            0xF972, 0xF973, 0xF974, 0xF975, 0xF976, 0xF977, 0xF978, 0xF979, 0xF97A, 0xF97B, 0xF97C, 0xF97D, 0xF97E,
            0xF97F, 0xF980, 0xF981, 0xF982, 0xF983, 0xF984, 0xF985, 0xF986, 0xF987, 0xF988, 0xF989, 0xF98A, 0xF98B,
            0xF98C, 0xF98D, 0xF98E, 0xF98F, 0xF990, 0xF991, 0xF992, 0xF993, 0xF994, 0xF995, 0xF996, 0xF997, 0xF998,
            0xF999, 0xF99A, 0xF99B, 0xF99C, 0xF99D, 0xF99E, 0xF99F, 0xF9A0, 0xF9A1, 0xF9A2, 0xF9A3, 0xF9A4, 0xF9A5,
            0xF9A6, 0xF9A7, 0xF9A8, 0xF9A9, 0xF9AA, 0xF9AB, 0xF9AC, 0xF9AD, 0xF9AE, 0xF9AF, 0xF9B0, 0xF9B1, 0xF9B2,
            0xF9B3, 0xF9B4, 0xF9B5, 0xF9B6, 0xF9B7, 0xF9B8, 0xF9B9, 0xF9BA, 0xF9BB, 0xF9BC, 0xF9BD, 0xF9BE, 0xF9BF,
            0xF9C0, 0xF9C1, 0xF9C2, 0xF9C3, 0xF9C4, 0xF9C5, 0xF9C6, 0xF9C7, 0xF9C8, 0xF9C9, 0xF9CA, 0xF9CB, 0xF9CC,
            0xF9CD, 0xF9CE, 0xF9CF, 0xF9D0, 0xF9D1, 0xF9D2, 0xF9D3, 0xF9D4, 0xF9D5, 0xF9D6, 0xF9D7, 0xF9D8, 0xF9D9,
            0xF9DA, 0xF9DB, 0xF9DC, 0xF9DD, 0xF9DE, 0xF9DF, 0xF9E0, 0xF9E1, 0xF9E2, 0xF9E3, 0xF9E4, 0xF9E5, 0xF9E6,
            0xF9E7, 0xF9E8, 0xF9E9, 0xF9EA, 0xF9EB, 0xF9EC, 0xF9ED, 0xF9EE, 0xF9EF, 0xF9F0, 0xF9F1, 0xF9F2, 0xF9F3,
            0xF9F4, 0xF9F5, 0xF9F6, 0xF9F7, 0xF9F8, 0xF9F9, 0xF9FA, 0xF9FB, 0xF9FC, 0xF9FD, 0xF9FE, 0xF9FF, 0xFA00,
            0xFA01, 0xFA02, 0xFA03, 0xFA04, 0xFA05, 0xFA06, 0xFA07, 0xFA08, 0xFA09, 0xFA0A, 0xFA0B, 0xFA0C, 0xFA0D,
            0xFA10, 0xFA12, 0xFA15, 0xFA16, 0xFA17, 0xFA18, 0xFA19, 0xFA1A, 0xFA1B, 0xFA1C, 0xFA1D, 0xFA1E, 0xFA20,
            0xFA22, 0xFA25, 0xFA26, 0xFA2A, 0xFA2B, 0xFA2C, 0xFA2D, 0xFA2E, 0xFA2F, 0xFA30, 0xFA31, 0xFA32, 0xFA33,
            0xFA34, 0xFA35, 0xFA36, 0xFA37, 0xFA38, 0xFA39, 0xFA3A, 0xFA3B, 0xFA3C, 0xFA3D, 0xFA3E, 0xFA3F, 0xFA40,
            0xFA41, 0xFA42, 0xFA43, 0xFA44, 0xFA45, 0xFA46, 0xFA47, 0xFA48, 0xFA49, 0xFA4A, 0xFA4B, 0xFA4C, 0xFA4D,
            0xFA4E, 0xFA4F, 0xFA50, 0xFA51, 0xFA52, 0xFA53, 0xFA54, 0xFA55, 0xFA56, 0xFA57, 0xFA58, 0xFA59, 0xFA5A,
            0xFA5B, 0xFA5C, 0xFA5D, 0xFA5E, 0xFA5F, 0xFA60, 0xFA61, 0xFA62, 0xFA63, 0xFA64, 0xFA65, 0xFA66, 0xFA67,
            0xFA68, 0xFA69, 0xFA6A, 0xFA6B, 0xFA6C, 0xFA6D, 0xFA70, 0xFA71, 0xFA72, 0xFA73, 0xFA74, 0xFA75, 0xFA76,
            0xFA77, 0xFA78, 0xFA79, 0xFA7A, 0xFA7B, 0xFA7C, 0xFA7D, 0xFA7E, 0xFA7F, 0xFA80, 0xFA81, 0xFA82, 0xFA83,
            0xFA84, 0xFA85, 0xFA86, 0xFA87, 0xFA88, 0xFA89, 0xFA8A, 0xFA8B, 0xFA8C, 0xFA8D, 0xFA8E, 0xFA8F, 0xFA90,
            0xFA91, 0xFA92, 0xFA93, 0xFA94, 0xFA95, 0xFA96, 0xFA97, 0xFA98, 0xFA99, 0xFA9A, 0xFA9B, 0xFA9C, 0xFA9D,
            0xFA9E, 0xFA9F, 0xFAA0, 0xFAA1, 0xFAA2, 0xFAA3, 0xFAA4, 0xFAA5, 0xFAA6, 0xFAA7, 0xFAA8, 0xFAA9, 0xFAAA,
            0xFAAB, 0xFAAC, 0xFAAD, 0xFAAE, 0xFAAF, 0xFAB0, 0xFAB1, 0xFAB2, 0xFAB3, 0xFAB4, 0xFAB5, 0xFAB6, 0xFAB7,
            0xFAB8, 0xFAB9, 0xFABA, 0xFABB, 0xFABC, 0xFABD, 0xFABE, 0xFABF, 0xFAC0, 0xFAC1, 0xFAC2, 0xFAC3, 0xFAC4,
            0xFAC5, 0xFAC6, 0xFAC7, 0xFAC8, 0xFAC9, 0xFACA, 0xFACB, 0xFACC, 0xFACD, 0xFACE, 0xFACF, 0xFAD0, 0xFAD1,
            0xFAD2, 0xFAD3, 0xFAD4, 0xFAD5, 0xFAD6, 0xFAD7, 0xFAD8, 0xFAD9, 0xFB00, 0xFB01, 0xFB02, 0xFB03, 0xFB04,
            0xFB05, 0xFB06, 0xFB13, 0xFB14, 0xFB15, 0xFB16, 0xFB17, 0xFB1D, 0xFB1F, 0xFB20, 0xFB21, 0xFB22, 0xFB23,
            0xFB24, 0xFB25, 0xFB26, 0xFB27, 0xFB28, 0xFB29, 0xFB2A, 0xFB2B, 0xFB2C, 0xFB2D, 0xFB2E, 0xFB2F, 0xFB30,
            0xFB31, 0xFB32, 0xFB33, 0xFB34, 0xFB35, 0xFB36, 0xFB38, 0xFB39, 0xFB3A, 0xFB3B, 0xFB3C, 0xFB3E, 0xFB40,
            0xFB41, 0xFB43, 0xFB44, 0xFB46, 0xFB47, 0xFB48, 0xFB49, 0xFB4A, 0xFB4B, 0xFB4C, 0xFB4D, 0xFB4E, 0xFB4F,
            0xFB50, 0xFB51, 0xFB52, 0xFB53, 0xFB54, 0xFB55, 0xFB56, 0xFB57, 0xFB58, 0xFB59, 0xFB5A, 0xFB5B, 0xFB5C,
            0xFB5D, 0xFB5E, 0xFB5F, 0xFB60, 0xFB61, 0xFB62, 0xFB63, 0xFB64, 0xFB65, 0xFB66, 0xFB67, 0xFB68, 0xFB69,
            0xFB6A, 0xFB6B, 0xFB6C, 0xFB6D, 0xFB6E, 0xFB6F, 0xFB70, 0xFB71, 0xFB72, 0xFB73, 0xFB74, 0xFB75, 0xFB76,
            0xFB77, 0xFB78, 0xFB79, 0xFB7A, 0xFB7B, 0xFB7C, 0xFB7D, 0xFB7E, 0xFB7F, 0xFB80, 0xFB81, 0xFB82, 0xFB83,
            0xFB84, 0xFB85, 0xFB86, 0xFB87, 0xFB88, 0xFB89, 0xFB8A, 0xFB8B, 0xFB8C, 0xFB8D, 0xFB8E, 0xFB8F, 0xFB90,
            0xFB91, 0xFB92, 0xFB93, 0xFB94, 0xFB95, 0xFB96, 0xFB97, 0xFB98, 0xFB99, 0xFB9A, 0xFB9B, 0xFB9C, 0xFB9D,
            0xFB9E, 0xFB9F, 0xFBA0, 0xFBA1, 0xFBA2, 0xFBA3, 0xFBA4, 0xFBA5, 0xFBA6, 0xFBA7, 0xFBA8, 0xFBA9, 0xFBAA,
            0xFBAB, 0xFBAC, 0xFBAD, 0xFBAE, 0xFBAF, 0xFBB0, 0xFBB1, 0xFBD3, 0xFBD4, 0xFBD5, 0xFBD6, 0xFBD7, 0xFBD8,
            0xFBD9, 0xFBDA, 0xFBDB, 0xFBDC, 0xFBDD, 0xFBDE, 0xFBDF, 0xFBE0, 0xFBE1, 0xFBE2, 0xFBE3, 0xFBE4, 0xFBE5,
            0xFBE6, 0xFBE7, 0xFBE8, 0xFBE9, 0xFBEA, 0xFBEB, 0xFBEC, 0xFBED, 0xFBEE, 0xFBEF, 0xFBF0, 0xFBF1, 0xFBF2,
            0xFBF3, 0xFBF4, 0xFBF5, 0xFBF6, 0xFBF7, 0xFBF8, 0xFBF9, 0xFBFA, 0xFBFB, 0xFBFC, 0xFBFD, 0xFBFE, 0xFBFF,
            0xFC00, 0xFC01, 0xFC02, 0xFC03, 0xFC04, 0xFC05, 0xFC06, 0xFC07, 0xFC08, 0xFC09, 0xFC0A, 0xFC0B, 0xFC0C,
            0xFC0D, 0xFC0E, 0xFC0F, 0xFC10, 0xFC11, 0xFC12, 0xFC13, 0xFC14, 0xFC15, 0xFC16, 0xFC17, 0xFC18, 0xFC19,
            0xFC1A, 0xFC1B, 0xFC1C, 0xFC1D, 0xFC1E, 0xFC1F, 0xFC20, 0xFC21, 0xFC22, 0xFC23, 0xFC24, 0xFC25, 0xFC26,
            0xFC27, 0xFC28, 0xFC29, 0xFC2A, 0xFC2B, 0xFC2C, 0xFC2D, 0xFC2E, 0xFC2F, 0xFC30, 0xFC31, 0xFC32, 0xFC33,
            0xFC34, 0xFC35, 0xFC36, 0xFC37, 0xFC38, 0xFC39, 0xFC3A, 0xFC3B, 0xFC3C, 0xFC3D, 0xFC3E, 0xFC3F, 0xFC40,
            0xFC41, 0xFC42, 0xFC43, 0xFC44, 0xFC45, 0xFC46, 0xFC47, 0xFC48, 0xFC49, 0xFC4A, 0xFC4B, 0xFC4C, 0xFC4D,
            0xFC4E, 0xFC4F, 0xFC50, 0xFC51, 0xFC52, 0xFC53, 0xFC54, 0xFC55, 0xFC56, 0xFC57, 0xFC58, 0xFC59, 0xFC5A,
            0xFC5B, 0xFC5C, 0xFC5D, 0xFC5E, 0xFC5F, 0xFC60, 0xFC61, 0xFC62, 0xFC63, 0xFC64, 0xFC65, 0xFC66, 0xFC67,
            0xFC68, 0xFC69, 0xFC6A, 0xFC6B, 0xFC6C, 0xFC6D, 0xFC6E, 0xFC6F, 0xFC70, 0xFC71, 0xFC72, 0xFC73, 0xFC74,
            0xFC75, 0xFC76, 0xFC77, 0xFC78, 0xFC79, 0xFC7A, 0xFC7B, 0xFC7C, 0xFC7D, 0xFC7E, 0xFC7F, 0xFC80, 0xFC81,
            0xFC82, 0xFC83, 0xFC84, 0xFC85, 0xFC86, 0xFC87, 0xFC88, 0xFC89, 0xFC8A, 0xFC8B, 0xFC8C, 0xFC8D, 0xFC8E,
            0xFC8F, 0xFC90, 0xFC91, 0xFC92, 0xFC93, 0xFC94, 0xFC95, 0xFC96, 0xFC97, 0xFC98, 0xFC99, 0xFC9A, 0xFC9B,
            0xFC9C, 0xFC9D, 0xFC9E, 0xFC9F, 0xFCA0, 0xFCA1, 0xFCA2, 0xFCA3, 0xFCA4, 0xFCA5, 0xFCA6, 0xFCA7, 0xFCA8,
            0xFCA9, 0xFCAA, 0xFCAB, 0xFCAC, 0xFCAD, 0xFCAE, 0xFCAF, 0xFCB0, 0xFCB1, 0xFCB2, 0xFCB3, 0xFCB4, 0xFCB5,
            0xFCB6, 0xFCB7, 0xFCB8, 0xFCB9, 0xFCBA, 0xFCBB, 0xFCBC, 0xFCBD, 0xFCBE, 0xFCBF, 0xFCC0, 0xFCC1, 0xFCC2,
            0xFCC3, 0xFCC4, 0xFCC5, 0xFCC6, 0xFCC7, 0xFCC8, 0xFCC9, 0xFCCA, 0xFCCB, 0xFCCC, 0xFCCD, 0xFCCE, 0xFCCF,
            0xFCD0, 0xFCD1, 0xFCD2, 0xFCD3, 0xFCD4, 0xFCD5, 0xFCD6, 0xFCD7, 0xFCD8, 0xFCD9, 0xFCDA, 0xFCDB, 0xFCDC,
            0xFCDD, 0xFCDE, 0xFCDF, 0xFCE0, 0xFCE1, 0xFCE2, 0xFCE3, 0xFCE4, 0xFCE5, 0xFCE6, 0xFCE7, 0xFCE8, 0xFCE9,
            0xFCEA, 0xFCEB, 0xFCEC, 0xFCED, 0xFCEE, 0xFCEF, 0xFCF0, 0xFCF1, 0xFCF2, 0xFCF3, 0xFCF4, 0xFCF5, 0xFCF6,
            0xFCF7, 0xFCF8, 0xFCF9, 0xFCFA, 0xFCFB, 0xFCFC, 0xFCFD, 0xFCFE, 0xFCFF, 0xFD00, 0xFD01, 0xFD02, 0xFD03,
            0xFD04, 0xFD05, 0xFD06, 0xFD07, 0xFD08, 0xFD09, 0xFD0A, 0xFD0B, 0xFD0C, 0xFD0D, 0xFD0E, 0xFD0F, 0xFD10,
            0xFD11, 0xFD12, 0xFD13, 0xFD14, 0xFD15, 0xFD16, 0xFD17, 0xFD18, 0xFD19, 0xFD1A, 0xFD1B, 0xFD1C, 0xFD1D,
            0xFD1E, 0xFD1F, 0xFD20, 0xFD21, 0xFD22, 0xFD23, 0xFD24, 0xFD25, 0xFD26, 0xFD27, 0xFD28, 0xFD29, 0xFD2A,
            0xFD2B, 0xFD2C, 0xFD2D, 0xFD2E, 0xFD2F, 0xFD30, 0xFD31, 0xFD32, 0xFD33, 0xFD34, 0xFD35, 0xFD36, 0xFD37,
            0xFD38, 0xFD39, 0xFD3A, 0xFD3B, 0xFD3C, 0xFD3D, 0xFD50, 0xFD51, 0xFD52, 0xFD53, 0xFD54, 0xFD55, 0xFD56,
            0xFD57, 0xFD58, 0xFD59, 0xFD5A, 0xFD5B, 0xFD5C, 0xFD5D, 0xFD5E, 0xFD5F, 0xFD60, 0xFD61, 0xFD62, 0xFD63,
            0xFD64, 0xFD65, 0xFD66, 0xFD67, 0xFD68, 0xFD69, 0xFD6A, 0xFD6B, 0xFD6C, 0xFD6D, 0xFD6E, 0xFD6F, 0xFD70,
            0xFD71, 0xFD72, 0xFD73, 0xFD74, 0xFD75, 0xFD76, 0xFD77, 0xFD78, 0xFD79, 0xFD7A, 0xFD7B, 0xFD7C, 0xFD7D,
            0xFD7E, 0xFD7F, 0xFD80, 0xFD81, 0xFD82, 0xFD83, 0xFD84, 0xFD85, 0xFD86, 0xFD87, 0xFD88, 0xFD89, 0xFD8A,
            0xFD8B, 0xFD8C, 0xFD8D, 0xFD8E, 0xFD8F, 0xFD92, 0xFD93, 0xFD94, 0xFD95, 0xFD96, 0xFD97, 0xFD98, 0xFD99,
            0xFD9A, 0xFD9B, 0xFD9C, 0xFD9D, 0xFD9E, 0xFD9F, 0xFDA0, 0xFDA1, 0xFDA2, 0xFDA3, 0xFDA4, 0xFDA5, 0xFDA6,
            0xFDA7, 0xFDA8, 0xFDA9, 0xFDAA, 0xFDAB, 0xFDAC, 0xFDAD, 0xFDAE, 0xFDAF, 0xFDB0, 0xFDB1, 0xFDB2, 0xFDB3,
            0xFDB4, 0xFDB5, 0xFDB6, 0xFDB7, 0xFDB8, 0xFDB9, 0xFDBA, 0xFDBB, 0xFDBC, 0xFDBD, 0xFDBE, 0xFDBF, 0xFDC0,
            0xFDC1, 0xFDC2, 0xFDC3, 0xFDC4, 0xFDC5, 0xFDC6, 0xFDC7, 0xFDF0, 0xFDF1, 0xFDF2, 0xFDF3, 0xFDF4, 0xFDF5,
            0xFDF6, 0xFDF7, 0xFDF8, 0xFDF9, 0xFDFA, 0xFDFB, 0xFDFC, 0xFE10, 0xFE11, 0xFE12, 0xFE13, 0xFE14, 0xFE15,
            0xFE16, 0xFE17, 0xFE18, 0xFE19, 0xFE30, 0xFE31, 0xFE32, 0xFE33, 0xFE34, 0xFE35, 0xFE36, 0xFE37, 0xFE38,
            0xFE39, 0xFE3A, 0xFE3B, 0xFE3C, 0xFE3D, 0xFE3E, 0xFE3F, 0xFE40, 0xFE41, 0xFE42, 0xFE43, 0xFE44, 0xFE47,
            0xFE48, 0xFE49, 0xFE4A, 0xFE4B, 0xFE4C, 0xFE4D, 0xFE4E, 0xFE4F, 0xFE50, 0xFE51, 0xFE52, 0xFE54, 0xFE55,
            0xFE56, 0xFE57, 0xFE58, 0xFE59, 0xFE5A, 0xFE5B, 0xFE5C, 0xFE5D, 0xFE5E, 0xFE5F, 0xFE60, 0xFE61, 0xFE62,
            0xFE63, 0xFE64, 0xFE65, 0xFE66, 0xFE68, 0xFE69, 0xFE6A, 0xFE6B, 0xFE70, 0xFE71, 0xFE72, 0xFE74, 0xFE76,
            0xFE77, 0xFE78, 0xFE79, 0xFE7A, 0xFE7B, 0xFE7C, 0xFE7D, 0xFE7E, 0xFE7F, 0xFE80, 0xFE81, 0xFE82, 0xFE83,
            0xFE84, 0xFE85, 0xFE86, 0xFE87, 0xFE88, 0xFE89, 0xFE8A, 0xFE8B, 0xFE8C, 0xFE8D, 0xFE8E, 0xFE8F, 0xFE90,
            0xFE91, 0xFE92, 0xFE93, 0xFE94, 0xFE95, 0xFE96, 0xFE97, 0xFE98, 0xFE99, 0xFE9A, 0xFE9B, 0xFE9C, 0xFE9D,
            0xFE9E, 0xFE9F, 0xFEA0, 0xFEA1, 0xFEA2, 0xFEA3, 0xFEA4, 0xFEA5, 0xFEA6, 0xFEA7, 0xFEA8, 0xFEA9, 0xFEAA,
            0xFEAB, 0xFEAC, 0xFEAD, 0xFEAE, 0xFEAF, 0xFEB0, 0xFEB1, 0xFEB2, 0xFEB3, 0xFEB4, 0xFEB5, 0xFEB6, 0xFEB7,
            0xFEB8, 0xFEB9, 0xFEBA, 0xFEBB, 0xFEBC, 0xFEBD, 0xFEBE, 0xFEBF, 0xFEC0, 0xFEC1, 0xFEC2, 0xFEC3, 0xFEC4,
            0xFEC5, 0xFEC6, 0xFEC7, 0xFEC8, 0xFEC9, 0xFECA, 0xFECB, 0xFECC, 0xFECD, 0xFECE, 0xFECF, 0xFED0, 0xFED1,
            0xFED2, 0xFED3, 0xFED4, 0xFED5, 0xFED6, 0xFED7, 0xFED8, 0xFED9, 0xFEDA, 0xFEDB, 0xFEDC, 0xFEDD, 0xFEDE,
            0xFEDF, 0xFEE0, 0xFEE1, 0xFEE2, 0xFEE3, 0xFEE4, 0xFEE5, 0xFEE6, 0xFEE7, 0xFEE8, 0xFEE9, 0xFEEA, 0xFEEB,
            0xFEEC, 0xFEED, 0xFEEE, 0xFEEF, 0xFEF0, 0xFEF1, 0xFEF2, 0xFEF3, 0xFEF4, 0xFEF5, 0xFEF6, 0xFEF7, 0xFEF8,
            0xFEF9, 0xFEFA, 0xFEFB, 0xFEFC, 0xFF01, 0xFF02, 0xFF03, 0xFF04, 0xFF05, 0xFF06, 0xFF07, 0xFF08, 0xFF09,
            0xFF0A, 0xFF0B, 0xFF0C, 0xFF0D, 0xFF0E, 0xFF0F, 0xFF10, 0xFF11, 0xFF12, 0xFF13, 0xFF14, 0xFF15, 0xFF16,
            0xFF17, 0xFF18, 0xFF19, 0xFF1A, 0xFF1B, 0xFF1C, 0xFF1D, 0xFF1E, 0xFF1F, 0xFF20, 0xFF21, 0xFF22, 0xFF23,
            0xFF24, 0xFF25, 0xFF26, 0xFF27, 0xFF28, 0xFF29, 0xFF2A, 0xFF2B, 0xFF2C, 0xFF2D, 0xFF2E, 0xFF2F, 0xFF30,
            0xFF31, 0xFF32, 0xFF33, 0xFF34, 0xFF35, 0xFF36, 0xFF37, 0xFF38, 0xFF39, 0xFF3A, 0xFF3B, 0xFF3C, 0xFF3D,
            0xFF3E, 0xFF3F, 0xFF40, 0xFF41, 0xFF42, 0xFF43, 0xFF44, 0xFF45, 0xFF46, 0xFF47, 0xFF48, 0xFF49, 0xFF4A,
            0xFF4B, 0xFF4C, 0xFF4D, 0xFF4E, 0xFF4F, 0xFF50, 0xFF51, 0xFF52, 0xFF53, 0xFF54, 0xFF55, 0xFF56, 0xFF57,
            0xFF58, 0xFF59, 0xFF5A, 0xFF5B, 0xFF5C, 0xFF5D, 0xFF5E, 0xFF5F, 0xFF60, 0xFF61, 0xFF62, 0xFF63, 0xFF64,
            0xFF65, 0xFF66, 0xFF67, 0xFF68, 0xFF69, 0xFF6A, 0xFF6B, 0xFF6C, 0xFF6D, 0xFF6E, 0xFF6F, 0xFF70, 0xFF71,
            0xFF72, 0xFF73, 0xFF74, 0xFF75, 0xFF76, 0xFF77, 0xFF78, 0xFF79, 0xFF7A, 0xFF7B, 0xFF7C, 0xFF7D, 0xFF7E,
            0xFF7F, 0xFF80, 0xFF81, 0xFF82, 0xFF83, 0xFF84, 0xFF85, 0xFF86, 0xFF87, 0xFF88, 0xFF89, 0xFF8A, 0xFF8B,
            0xFF8C, 0xFF8D, 0xFF8E, 0xFF8F, 0xFF90, 0xFF91, 0xFF92, 0xFF93, 0xFF94, 0xFF95, 0xFF96, 0xFF97, 0xFF98,
            0xFF99, 0xFF9A, 0xFF9B, 0xFF9C, 0xFF9D, 0xFF9E, 0xFF9F, 0xFFA0, 0xFFA1, 0xFFA2, 0xFFA3, 0xFFA4, 0xFFA5,
            0xFFA6, 0xFFA7, 0xFFA8, 0xFFA9, 0xFFAA, 0xFFAB, 0xFFAC, 0xFFAD, 0xFFAE, 0xFFAF, 0xFFB0, 0xFFB1, 0xFFB2,
            0xFFB3, 0xFFB4, 0xFFB5, 0xFFB6, 0xFFB7, 0xFFB8, 0xFFB9, 0xFFBA, 0xFFBB, 0xFFBC, 0xFFBD, 0xFFBE, 0xFFC2,
            0xFFC3, 0xFFC4, 0xFFC5, 0xFFC6, 0xFFC7, 0xFFCA, 0xFFCB, 0xFFCC, 0xFFCD, 0xFFCE, 0xFFCF, 0xFFD2, 0xFFD3,
            0xFFD4, 0xFFD5, 0xFFD6, 0xFFD7, 0xFFDA, 0xFFDB, 0xFFDC, 0xFFE0, 0xFFE1, 0xFFE2, 0xFFE3, 0xFFE4, 0xFFE5,
            0xFFE6, 0xFFE8, 0xFFE9, 0xFFEA, 0xFFEB, 0xFFEC, 0xFFED, 0xFFEE, 0x105C9, 0x105E4, 0x10781, 0x10782,
            0x10783, 0x10784, 0x10785, 0x10787, 0x10788, 0x10789, 0x1078A, 0x1078B, 0x1078C, 0x1078D, 0x1078E,
            0x1078F, 0x10790, 0x10791, 0x10792, 0x10793, 0x10794, 0x10795, 0x10796, 0x10797, 0x10798, 0x10799,
            0x1079A, 0x1079B, 0x1079C, 0x1079D, 0x1079E, 0x1079F, 0x107A0, 0x107A1, 0x107A2, 0x107A3, 0x107A4,
            0x107A5, 0x107A6, 0x107A7, 0x107A8, 0x107A9, 0x107AA, 0x107AB, 0x107AC, 0x107AD, 0x107AE, 0x107AF,
            0x107B0, 0x107B2, 0x107B3, 0x107B4, 0x107B5, 0x107B6, 0x107B7, 0x107B8, 0x107B9, 0x107BA, 0x1109A,
            0x1109C, 0x110AB, 0x1112E, 0x1112F, 0x1134B, 0x1134C, 0x11383, 0x11385, 0x1138E, 0x11391, 0x113C5,
            0x113C7, 0x113C8, 0x114BB, 0x114BC, 0x114BE, 0x115BA, 0x115BB, 0x11938, 0x16121, 0x16122, 0x16123,
            0x16124, 0x16125, 0x16126, 0x16127, 0x16128, 0x16D68, 0x16D69, 0x16D6A, 0x1CCD6, 0x1CCD7, 0x1CCD8,
            0x1CCD9, 0x1CCDA, 0x1CCDB, 0x1CCDC, 0x1CCDD, 0x1CCDE, 0x1CCDF, 0x1CCE0, 0x1CCE1, 0x1CCE2, 0x1CCE3,
            0x1CCE4, 0x1CCE5, 0x1CCE6, 0x1CCE7, 0x1CCE8, 0x1CCE9, 0x1CCEA, 0x1CCEB, 0x1CCEC, 0x1CCED, 0x1CCEE,
            0x1CCEF, 0x1CCF0, 0x1CCF1, 0x1CCF2, 0x1CCF3, 0x1CCF4, 0x1CCF5, 0x1CCF6, 0x1CCF7, 0x1CCF8, 0x1CCF9,
            0x1D15E, 0x1D15F, 0x1D160, 0x1D161, 0x1D162, 0x1D163, 0x1D164, 0x1D1BB, 0x1D1BC, 0x1D1BD, 0x1D1BE,
            0x1D1BF, 0x1D1C0, 0x1D400, 0x1D401, 0x1D402, 0x1D403, 0x1D404, 0x1D405, 0x1D406, 0x1D407, 0x1D408,
            0x1D409, 0x1D40A, 0x1D40B, 0x1D40C, 0x1D40D, 0x1D40E, 0x1D40F, 0x1D410, 0x1D411, 0x1D412, 0x1D413,
            0x1D414, 0x1D415, 0x1D416, 0x1D417, 0x1D418, 0x1D419, 0x1D41A, 0x1D41B, 0x1D41C, 0x1D41D, 0x1D41E,
            0x1D41F, 0x1D420, 0x1D421, 0x1D422, 0x1D423, 0x1D424, 0x1D425, 0x1D426, 0x1D427, 0x1D428, 0x1D429,
            0x1D42A, 0x1D42B, 0x1D42C, 0x1D42D, 0x1D42E, 0x1D42F, 0x1D430, 0x1D431, 0x1D432, 0x1D433, 0x1D434,
            0x1D435, 0x1D436, 0x1D437, 0x1D438, 0x1D439, 0x1D43A, 0x1D43B, 0x1D43C, 0x1D43D, 0x1D43E, 0x1D43F,
            0x1D440, 0x1D441, 0x1D442, 0x1D443, 0x1D444, 0x1D445, 0x1D446, 0x1D447, 0x1D448, 0x1D449, 0x1D44A,
            0x1D44B, 0x1D44C, 0x1D44D, 0x1D44E, 0x1D44F, 0x1D450, 0x1D451, 0x1D452, 0x1D453, 0x1D454, 0x1D456,
            0x1D457, 0x1D458, 0x1D459, 0x1D45A, 0x1D45B, 0x1D45C, 0x1D45D, 0x1D45E, 0x1D45F, 0x1D460, 0x1D461,
            0x1D462, 0x1D463, 0x1D464, 0x1D465, 0x1D466, 0x1D467, 0x1D468, 0x1D469, 0x1D46A, 0x1D46B, 0x1D46C,
            0x1D46D, 0x1D46E, 0x1D46F, 0x1D470, 0x1D471, 0x1D472, 0x1D473, 0x1D474, 0x1D475, 0x1D476, 0x1D477,
            0x1D478, 0x1D479, 0x1D47A, 0x1D47B, 0x1D47C, 0x1D47D, 0x1D47E, 0x1D47F, 0x1D480, 0x1D481, 0x1D482,
            0x1D483, 0x1D484, 0x1D485, 0x1D486, 0x1D487, 0x1D488, 0x1D489, 0x1D48A, 0x1D48B, 0x1D48C, 0x1D48D,
            0x1D48E, 0x1D48F, 0x1D490, 0x1D491, 0x1D492, 0x1D493, 0x1D494, 0x1D495, 0x1D496, 0x1D497, 0x1D498,
            0x1D499, 0x1D49A, 0x1D49B, 0x1D49C, 0x1D49E, 0x1D49F, 0x1D4A2, 0x1D4A5, 0x1D4A6, 0x1D4A9, 0x1D4AA,
            0x1D4AB, 0x1D4AC, 0x1D4AE, 0x1D4AF, 0x1D4B0, 0x1D4B1, 0x1D4B2, 0x1D4B3, 0x1D4B4, 0x1D4B5, 0x1D4B6,
            0x1D4B7, 0x1D4B8, 0x1D4B9, 0x1D4BB, 0x1D4BD, 0x1D4BE, 0x1D4BF, 0x1D4C0, 0x1D4C1, 0x1D4C2, 0x1D4C3,
            0x1D4C5, 0x1D4C6, 0x1D4C7, 0x1D4C8, 0x1D4C9, 0x1D4CA, 0x1D4CB, 0x1D4CC, 0x1D4CD, 0x1D4CE, 0x1D4CF,
            0x1D4D0, 0x1D4D1, 0x1D4D2, 0x1D4D3, 0x1D4D4, 0x1D4D5, 0x1D4D6, 0x1D4D7, 0x1D4D8, 0x1D4D9, 0x1D4DA,
            0x1D4DB, 0x1D4DC, 0x1D4DD, 0x1D4DE, 0x1D4DF, 0x1D4E0, 0x1D4E1, 0x1D4E2, 0x1D4E3, 0x1D4E4, 0x1D4E5,
            0x1D4E6, 0x1D4E7, 0x1D4E8, 0x1D4E9, 0x1D4EA, 0x1D4EB, 0x1D4EC, 0x1D4ED, 0x1D4EE, 0x1D4EF, 0x1D4F0,
            0x1D4F1, 0x1D4F2, 0x1D4F3, 0x1D4F4, 0x1D4F5, 0x1D4F6, 0x1D4F7, 0x1D4F8, 0x1D4F9, 0x1D4FA, 0x1D4FB,
            0x1D4FC, 0x1D4FD, 0x1D4FE, 0x1D4FF, 0x1D500, 0x1D501, 0x1D502, 0x1D503, 0x1D504, 0x1D505, 0x1D507,
            0x1D508, 0x1D509, 0x1D50A, 0x1D50D, 0x1D50E, 0x1D50F, 0x1D510, 0x1D511, 0x1D512, 0x1D513, 0x1D514,
            0x1D516, 0x1D517, 0x1D518, 0x1D519, 0x1D51A, 0x1D51B, 0x1D51C, 0x1D51E, 0x1D51F, 0x1D520, 0x1D521,
            0x1D522, 0x1D523, 0x1D524, 0x1D525, 0x1D526, 0x1D527, 0x1D528, 0x1D529, 0x1D52A, 0x1D52B, 0x1D52C,
            0x1D52D, 0x1D52E, 0x1D52F, 0x1D530, 0x1D531, 0x1D532, 0x1D533, 0x1D534, 0x1D535, 0x1D536, 0x1D537,
            0x1D538, 0x1D539, 0x1D53B, 0x1D53C, 0x1D53D, 0x1D53E, 0x1D540, 0x1D541, 0x1D542, 0x1D543, 0x1D544,
            0x1D546, 0x1D54A, 0x1D54B, 0x1D54C, 0x1D54D, 0x1D54E, 0x1D54F, 0x1D550, 0x1D552, 0x1D553, 0x1D554,
            0x1D555, 0x1D556, 0x1D557, 0x1D558, 0x1D559, 0x1D55A, 0x1D55B, 0x1D55C, 0x1D55D, 0x1D55E, 0x1D55F,
            0x1D560, 0x1D561, 0x1D562, 0x1D563, 0x1D564, 0x1D565, 0x1D566, 0x1D567, 0x1D568, 0x1D569, 0x1D56A,
            0x1D56B, 0x1D56C, 0x1D56D, 0x1D56E, 0x1D56F, 0x1D570, 0x1D571, 0x1D572, 0x1D573, 0x1D574, 0x1D575,
            0x1D576, 0x1D577, 0x1D578, 0x1D579, 0x1D57A, 0x1D57B, 0x1D57C, 0x1D57D, 0x1D57E, 0x1D57F, 0x1D580,
            0x1D581, 0x1D582, 0x1D583, 0x1D584, 0x1D585, 0x1D586, 0x1D587, 0x1D588, 0x1D589, 0x1D58A, 0x1D58B,
            0x1D58C, 0x1D58D, 0x1D58E, 0x1D58F, 0x1D590, 0x1D591, 0x1D592, 0x1D593, 0x1D594, 0x1D595, 0x1D596,
            0x1D597, 0x1D598, 0x1D599, 0x1D59A, 0x1D59B, 0x1D59C, 0x1D59D, 0x1D59E, 0x1D59F, 0x1D5A0, 0x1D5A1,
            0x1D5A2, 0x1D5A3, 0x1D5A4, 0x1D5A5, 0x1D5A6, 0x1D5A7, 0x1D5A8, 0x1D5A9, 0x1D5AA, 0x1D5AB, 0x1D5AC,
            0x1D5AD, 0x1D5AE, 0x1D5AF, 0x1D5B0, 0x1D5B1, 0x1D5B2, 0x1D5B3, 0x1D5B4, 0x1D5B5, 0x1D5B6, 0x1D5B7,
            0x1D5B8, 0x1D5B9, 0x1D5BA, 0x1D5BB, 0x1D5BC, 0x1D5BD, 0x1D5BE, 0x1D5BF, 0x1D5C0, 0x1D5C1, 0x1D5C2,
            0x1D5C3, 0x1D5C4, 0x1D5C5, 0x1D5C6, 0x1D5C7, 0x1D5C8, 0x1D5C9, 0x1D5CA, 0x1D5CB, 0x1D5CC, 0x1D5CD,
            0x1D5CE, 0x1D5CF, 0x1D5D0, 0x1D5D1, 0x1D5D2, 0x1D5D3, 0x1D5D4, 0x1D5D5, 0x1D5D6, 0x1D5D7, 0x1D5D8,
            0x1D5D9, 0x1D5DA, 0x1D5DB, 0x1D5DC, 0x1D5DD, 0x1D5DE, 0x1D5DF, 0x1D5E0, 0x1D5E1, 0x1D5E2, 0x1D5E3,
            0x1D5E4, 0x1D5E5, 0x1D5E6, 0x1D5E7, 0x1D5E8, 0x1D5E9, 0x1D5EA, 0x1D5EB, 0x1D5EC, 0x1D5ED, 0x1D5EE,
            0x1D5EF, 0x1D5F0, 0x1D5F1, 0x1D5F2, 0x1D5F3, 0x1D5F4, 0x1D5F5, 0x1D5F6, 0x1D5F7, 0x1D5F8, 0x1D5F9,
            0x1D5FA, 0x1D5FB, 0x1D5FC, 0x1D5FD, 0x1D5FE, 0x1D5FF, 0x1D600, 0x1D601, 0x1D602, 0x1D603, 0x1D604,
            0x1D605, 0x1D606, 0x1D607, 0x1D608, 0x1D609, 0x1D60A, 0x1D60B, 0x1D60C, 0x1D60D, 0x1D60E, 0x1D60F,
            0x1D610, 0x1D611, 0x1D612, 0x1D613, 0x1D614, 0x1D615, 0x1D616, 0x1D617, 0x1D618, 0x1D619, 0x1D61A,
            0x1D61B, 0x1D61C, 0x1D61D, 0x1D61E, 0x1D61F, 0x1D620, 0x1D621, 0x1D622, 0x1D623, 0x1D624, 0x1D625,
            0x1D626, 0x1D627, 0x1D628, 0x1D629, 0x1D62A, 0x1D62B, 0x1D62C, 0x1D62D, 0x1D62E, 0x1D62F, 0x1D630,
            0x1D631, 0x1D632, 0x1D633, 0x1D634, 0x1D635, 0x1D636, 0x1D637, 0x1D638, 0x1D639, 0x1D63A, 0x1D63B,
            0x1D63C, 0x1D63D, 0x1D63E, 0x1D63F, 0x1D640, 0x1D641, 0x1D642, 0x1D643, 0x1D644, 0x1D645, 0x1D646,
            0x1D647, 0x1D648, 0x1D649, 0x1D64A, 0x1D64B, 0x1D64C, 0x1D64D, 0x1D64E, 0x1D64F, 0x1D650, 0x1D651,
            0x1D652, 0x1D653, 0x1D654, 0x1D655, 0x1D656, 0x1D657, 0x1D658, 0x1D659, 0x1D65A, 0x1D65B, 0x1D65C,
            0x1D65D, 0x1D65E, 0x1D65F, 0x1D660, 0x1D661, 0x1D662, 0x1D663, 0x1D664, 0x1D665, 0x1D666, 0x1D667,
            0x1D668, 0x1D669, 0x1D66A, 0x1D66B, 0x1D66C, 0x1D66D, 0x1D66E, 0x1D66F, 0x1D670, 0x1D671, 0x1D672,
            0x1D673, 0x1D674, 0x1D675, 0x1D676, 0x1D677, 0x1D678, 0x1D679, 0x1D67A, 0x1D67B, 0x1D67C, 0x1D67D,
            0x1D67E, 0x1D67F, 0x1D680, 0x1D681, 0x1D682, 0x1D683, 0x1D684, 0x1D685, 0x1D686, 0x1D687, 0x1D688,
            0x1D689, 0x1D68A, 0x1D68B, 0x1D68C, 0x1D68D, 0x1D68E, 0x1D68F, 0x1D690, 0x1D691, 0x1D692, 0x1D693,
            0x1D694, 0x1D695, 0x1D696, 0x1D697, 0x1D698, 0x1D699, 0x1D69A, 0x1D69B, 0x1D69C, 0x1D69D, 0x1D69E,
            0x1D69F, 0x1D6A0, 0x1D6A1, 0x1D6A2, 0x1D6A3, 0x1D6A4, 0x1D6A5, 0x1D6A8, 0x1D6A9, 0x1D6AA, 0x1D6AB,
            0x1D6AC, 0x1D6AD, 0x1D6AE, 0x1D6AF, 0x1D6B0, 0x1D6B1, 0x1D6B2, 0x1D6B3, 0x1D6B4, 0x1D6B5, 0x1D6B6,
            0x1D6B7, 0x1D6B8, 0x1D6B9, 0x1D6BA, 0x1D6BB, 0x1D6BC, 0x1D6BD, 0x1D6BE, 0x1D6BF, 0x1D6C0, 0x1D6C1,
            0x1D6C2, 0x1D6C3, 0x1D6C4, 0x1D6C5, 0x1D6C6, 0x1D6C7, 0x1D6C8, 0x1D6C9, 0x1D6CA, 0x1D6CB, 0x1D6CC,
            0x1D6CD, 0x1D6CE, 0x1D6CF, 0x1D6D0, 0x1D6D1, 0x1D6D2, 0x1D6D3, 0x1D6D4, 0x1D6D5, 0x1D6D6, 0x1D6D7,
            0x1D6D8, 0x1D6D9, 0x1D6DA, 0x1D6DB, 0x1D6DC, 0x1D6DD, 0x1D6DE, 0x1D6DF, 0x1D6E0, 0x1D6E1, 0x1D6E2,
            0x1D6E3, 0x1D6E4, 0x1D6E5, 0x1D6E6, 0x1D6E7, 0x1D6E8, 0x1D6E9, 0x1D6EA, 0x1D6EB, 0x1D6EC, 0x1D6ED,
            0x1D6EE, 0x1D6EF, 0x1D6F0, 0x1D6F1, 0x1D6F2, 0x1D6F3, 0x1D6F4, 0x1D6F5, 0x1D6F6, 0x1D6F7, 0x1D6F8,
            0x1D6F9, 0x1D6FA, 0x1D6FB, 0x1D6FC, 0x1D6FD, 0x1D6FE, 0x1D6FF, 0x1D700, 0x1D701, 0x1D702, 0x1D703,
            0x1D704, 0x1D705, 0x1D706, 0x1D707, 0x1D708, 0x1D709, 0x1D70A, 0x1D70B, 0x1D70C, 0x1D70D, 0x1D70E,
            0x1D70F, 0x1D710, 0x1D711, 0x1D712, 0x1D713, 0x1D714, 0x1D715, 0x1D716, 0x1D717, 0x1D718, 0x1D719,
            0x1D71A, 0x1D71B, 0x1D71C, 0x1D71D, 0x1D71E, 0x1D71F, 0x1D720, 0x1D721, 0x1D722, 0x1D723, 0x1D724,
            0x1D725, 0x1D726, 0x1D727, 0x1D728, 0x1D729, 0x1D72A, 0x1D72B, 0x1D72C, 0x1D72D, 0x1D72E, 0x1D72F,
            0x1D730, 0x1D731, 0x1D732, 0x1D733, 0x1D734, 0x1D735, 0x1D736, 0x1D737, 0x1D738, 0x1D739, 0x1D73A,
            0x1D73B, 0x1D73C, 0x1D73D, 0x1D73E, 0x1D73F, 0x1D740, 0x1D741, 0x1D742, 0x1D743, 0x1D744, 0x1D745,
            0x1D746, 0x1D747, 0x1D748, 0x1D749, 0x1D74A, 0x1D74B, 0x1D74C, 0x1D74D, 0x1D74E, 0x1D74F, 0x1D750,
            0x1D751, 0x1D752, 0x1D753, 0x1D754, 0x1D755, 0x1D756, 0x1D757, 0x1D758, 0x1D759, 0x1D75A, 0x1D75B,
            0x1D75C, 0x1D75D, 0x1D75E, 0x1D75F, 0x1D760, 0x1D761, 0x1D762, 0x1D763, 0x1D764, 0x1D765, 0x1D766,
            0x1D767, 0x1D768, 0x1D769, 0x1D76A, 0x1D76B, 0x1D76C, 0x1D76D, 0x1D76E, 0x1D76F, 0x1D770, 0x1D771,
            0x1D772, 0x1D773, 0x1D774, 0x1D775, 0x1D776, 0x1D777, 0x1D778, 0x1D779, 0x1D77A, 0x1D77B, 0x1D77C,
            0x1D77D, 0x1D77E, 0x1D77F, 0x1D780, 0x1D781, 0x1D782, 0x1D783, 0x1D784, 0x1D785, 0x1D786, 0x1D787,
            0x1D788, 0x1D789, 0x1D78A, 0x1D78B, 0x1D78C, 0x1D78D, 0x1D78E, 0x1D78F, 0x1D790, 0x1D791, 0x1D792,
            0x1D793, 0x1D794, 0x1D795, 0x1D796, 0x1D797, 0x1D798, 0x1D799, 0x1D79A, 0x1D79B, 0x1D79C, 0x1D79D,
            0x1D79E, 0x1D79F, 0x1D7A0, 0x1D7A1, 0x1D7A2, 0x1D7A3, 0x1D7A4, 0x1D7A5, 0x1D7A6, 0x1D7A7, 0x1D7A8,
            0x1D7A9, 0x1D7AA, 0x1D7AB, 0x1D7AC, 0x1D7AD, 0x1D7AE, 0x1D7AF, 0x1D7B0, 0x1D7B1, 0x1D7B2, 0x1D7B3,
            0x1D7B4, 0x1D7B5, 0x1D7B6, 0x1D7B7, 0x1D7B8, 0x1D7B9, 0x1D7BA, 0x1D7BB, 0x1D7BC, 0x1D7BD, 0x1D7BE,
            0x1D7BF, 0x1D7C0, 0x1D7C1, 0x1D7C2, 0x1D7C3, 0x1D7C4, 0x1D7C5, 0x1D7C6, 0x1D7C7, 0x1D7C8, 0x1D7C9,
            0x1D7CA, 0x1D7CB, 0x1D7CE, 0x1D7CF, 0x1D7D0, 0x1D7D1, 0x1D7D2, 0x1D7D3, 0x1D7D4, 0x1D7D5, 0x1D7D6,
            0x1D7D7, 0x1D7D8, 0x1D7D9, 0x1D7DA, 0x1D7DB, 0x1D7DC, 0x1D7DD, 0x1D7DE, 0x1D7DF, 0x1D7E0, 0x1D7E1,
            0x1D7E2, 0x1D7E3, 0x1D7E4, 0x1D7E5, 0x1D7E6, 0x1D7E7, 0x1D7E8, 0x1D7E9, 0x1D7EA, 0x1D7EB, 0x1D7EC,
            0x1D7ED, 0x1D7EE, 0x1D7EF, 0x1D7F0, 0x1D7F1, 0x1D7F2, 0x1D7F3, 0x1D7F4, 0x1D7F5, 0x1D7F6, 0x1D7F7,
            0x1D7F8, 0x1D7F9, 0x1D7FA, 0x1D7FB, 0x1D7FC, 0x1D7FD, 0x1D7FE, 0x1D7FF, 0x1E030, 0x1E031, 0x1E032,
            0x1E033, 0x1E034, 0x1E035, 0x1E036, 0x1E037, 0x1E038, 0x1E039, 0x1E03A, 0x1E03B, 0x1E03C, 0x1E03D,
            0x1E03E, 0x1E03F, 0x1E040, 0x1E041, 0x1E042, 0x1E043, 0x1E044, 0x1E045, 0x1E046, 0x1E047, 0x1E048,
            0x1E049, 0x1E04A, 0x1E04B, 0x1E04C, 0x1E04D, 0x1E04E, 0x1E04F, 0x1E050, 0x1E051, 0x1E052, 0x1E053,
            0x1E054, 0x1E055, 0x1E056, 0x1E057, 0x1E058, 0x1E059, 0x1E05A, 0x1E05B, 0x1E05C, 0x1E05D, 0x1E05E,
            0x1E05F, 0x1E060, 0x1E061, 0x1E062, 0x1E063, 0x1E064, 0x1E065, 0x1E066, 0x1E067, 0x1E068, 0x1E069,
            0x1E06A, 0x1E06B, 0x1E06C, 0x1E06D, 0x1EE00, 0x1EE01, 0x1EE02, 0x1EE03, 0x1EE05, 0x1EE06, 0x1EE07,
            0x1EE08, 0x1EE09, 0x1EE0A, 0x1EE0B, 0x1EE0C, 0x1EE0D, 0x1EE0E, 0x1EE0F, 0x1EE10, 0x1EE11, 0x1EE12,
            0x1EE13, 0x1EE14, 0x1EE15, 0x1EE16, 0x1EE17, 0x1EE18, 0x1EE19, 0x1EE1A, 0x1EE1B, 0x1EE1C, 0x1EE1D,
            0x1EE1E, 0x1EE1F, 0x1EE21, 0x1EE22, 0x1EE24, 0x1EE27, 0x1EE29, 0x1EE2A, 0x1EE2B, 0x1EE2C, 0x1EE2D,
            0x1EE2E, 0x1EE2F, 0x1EE30, 0x1EE31, 0x1EE32, 0x1EE34, 0x1EE35, 0x1EE36, 0x1EE37, 0x1EE39, 0x1EE3B,
            0x1EE42, 0x1EE47, 0x1EE49, 0x1EE4B, 0x1EE4D, 0x1EE4E, 0x1EE4F, 0x1EE51, 0x1EE52, 0x1EE54, 0x1EE57,
            0x1EE59, 0x1EE5B, 0x1EE5D, 0x1EE5F, 0x1EE61, 0x1EE62, 0x1EE64, 0x1EE67, 0x1EE68, 0x1EE69, 0x1EE6A,
            0x1EE6C, 0x1EE6D, 0x1EE6E, 0x1EE6F, 0x1EE70, 0x1EE71, 0x1EE72, 0x1EE74, 0x1EE75, 0x1EE76, 0x1EE77,
            0x1EE79, 0x1EE7A, 0x1EE7B, 0x1EE7C, 0x1EE7E, 0x1EE80, 0x1EE81, 0x1EE82, 0x1EE83, 0x1EE84, 0x1EE85,
            0x1EE86, 0x1EE87, 0x1EE88, 0x1EE89, 0x1EE8B, 0x1EE8C, 0x1EE8D, 0x1EE8E, 0x1EE8F, 0x1EE90, 0x1EE91,
            0x1EE92, 0x1EE93, 0x1EE94, 0x1EE95, 0x1EE96, 0x1EE97, 0x1EE98, 0x1EE99, 0x1EE9A, 0x1EE9B, 0x1EEA1,
            0x1EEA2, 0x1EEA3, 0x1EEA5, 0x1EEA6, 0x1EEA7, 0x1EEA8, 0x1EEA9, 0x1EEAB, 0x1EEAC, 0x1EEAD, 0x1EEAE,
            0x1EEAF, 0x1EEB0, 0x1EEB1, 0x1EEB2, 0x1EEB3, 0x1EEB4, 0x1EEB5, 0x1EEB6, 0x1EEB7, 0x1EEB8, 0x1EEB9,
            0x1EEBA, 0x1EEBB, 0x1F100, 0x1F101, 0x1F102, 0x1F103, 0x1F104, 0x1F105, 0x1F106, 0x1F107, 0x1F108,
            0x1F109, 0x1F10A, 0x1F110, 0x1F111, 0x1F112, 0x1F113, 0x1F114, 0x1F115, 0x1F116, 0x1F117, 0x1F118,
            0x1F119, 0x1F11A, 0x1F11B, 0x1F11C, 0x1F11D, 0x1F11E, 0x1F11F, 0x1F120, 0x1F121, 0x1F122, 0x1F123,
            0x1F124, 0x1F125, 0x1F126, 0x1F127, 0x1F128, 0x1F129, 0x1F12A, 0x1F12B, 0x1F12C, 0x1F12D, 0x1F12E,
            0x1F130, 0x1F131, 0x1F132, 0x1F133, 0x1F134, 0x1F135, 0x1F136, 0x1F137, 0x1F138, 0x1F139, 0x1F13A,
            0x1F13B, 0x1F13C, 0x1F13D, 0x1F13E, 0x1F13F, 0x1F140, 0x1F141, 0x1F142, 0x1F143, 0x1F144, 0x1F145,
            0x1F146, 0x1F147, 0x1F148, 0x1F149, 0x1F14A, 0x1F14B, 0x1F14C, 0x1F14D, 0x1F14E, 0x1F14F, 0x1F16A,
            0x1F16B, 0x1F16C, 0x1F190, 0x1F200, 0x1F201, 0x1F202, 0x1F210, 0x1F211, 0x1F212, 0x1F213, 0x1F214,
            0x1F215, 0x1F216, 0x1F217, 0x1F218, 0x1F219, 0x1F21A, 0x1F21B, 0x1F21C, 0x1F21D, 0x1F21E, 0x1F21F,
            0x1F220, 0x1F221, 0x1F222, 0x1F223, 0x1F224, 0x1F225, 0x1F226, 0x1F227, 0x1F228, 0x1F229, 0x1F22A,
            0x1F22B, 0x1F22C, 0x1F22D, 0x1F22E, 0x1F22F, 0x1F230, 0x1F231, 0x1F232, 0x1F233, 0x1F234, 0x1F235,
            0x1F236, 0x1F237, 0x1F238, 0x1F239, 0x1F23A, 0x1F23B, 0x1F240, 0x1F241, 0x1F242, 0x1F243, 0x1F244,
            0x1F245, 0x1F246, 0x1F247, 0x1F248, 0x1F250, 0x1F251, 0x1FBF0, 0x1FBF1, 0x1FBF2, 0x1FBF3, 0x1FBF4,
            0x1FBF5, 0x1FBF6, 0x1FBF7, 0x1FBF8, 0x1FBF9, 0x2F800, 0x2F801, 0x2F802, 0x2F803, 0x2F804, 0x2F805,
            0x2F806, 0x2F807, 0x2F808, 0x2F809, 0x2F80A, 0x2F80B, 0x2F80C, 0x2F80D, 0x2F80E, 0x2F80F, 0x2F810,
            0x2F811, 0x2F812, 0x2F813, 0x2F814, 0x2F815, 0x2F816, 0x2F817, 0x2F818, 0x2F819, 0x2F81A, 0x2F81B,
            0x2F81C, 0x2F81D, 0x2F81E, 0x2F81F, 0x2F820, 0x2F821, 0x2F822, 0x2F823, 0x2F824, 0x2F825, 0x2F826,
            0x2F827, 0x2F828, 0x2F829, 0x2F82A, 0x2F82B, 0x2F82C, 0x2F82D, 0x2F82E, 0x2F82F, 0x2F830, 0x2F831,
            0x2F832, 0x2F833, 0x2F834, 0x2F835, 0x2F836, 0x2F837, 0x2F838, 0x2F839, 0x2F83A, 0x2F83B, 0x2F83C,
            0x2F83D, 0x2F83E, 0x2F83F, 0x2F840, 0x2F841, 0x2F842, 0x2F843, 0x2F844, 0x2F845, 0x2F846, 0x2F847,
            0x2F848, 0x2F849, 0x2F84A, 0x2F84B, 0x2F84C, 0x2F84D, 0x2F84E, 0x2F84F, 0x2F850, 0x2F851, 0x2F852,
            0x2F853, 0x2F854, 0x2F855, 0x2F856, 0x2F857, 0x2F858, 0x2F859, 0x2F85A, 0x2F85B, 0x2F85C, 0x2F85D,
            0x2F85E, 0x2F85F, 0x2F860, 0x2F861, 0x2F862, 0x2F863, 0x2F864, 0x2F865, 0x2F866, 0x2F867, 0x2F868,
            0x2F869, 0x2F86A, 0x2F86B, 0x2F86C, 0x2F86D, 0x2F86E, 0x2F86F, 0x2F870, 0x2F871, 0x2F872, 0x2F873,
            0x2F874, 0x2F875, 0x2F876, 0x2F877, 0x2F878, 0x2F879, 0x2F87A, 0x2F87B, 0x2F87C, 0x2F87D, 0x2F87E,
            0x2F87F, 0x2F880, 0x2F881, 0x2F882, 0x2F883, 0x2F884, 0x2F885, 0x2F886, 0x2F887, 0x2F888, 0x2F889,
            0x2F88A, 0x2F88B, 0x2F88C, 0x2F88D, 0x2F88E, 0x2F88F, 0x2F890, 0x2F891, 0x2F892, 0x2F893, 0x2F894,
            0x2F895, 0x2F896, 0x2F897, 0x2F898, 0x2F899, 0x2F89A, 0x2F89B, 0x2F89C, 0x2F89D, 0x2F89E, 0x2F89F,
            0x2F8A0, 0x2F8A1, 0x2F8A2, 0x2F8A3, 0x2F8A4, 0x2F8A5, 0x2F8A6, 0x2F8A7, 0x2F8A8, 0x2F8A9, 0x2F8AA,
            0x2F8AB, 0x2F8AC, 0x2F8AD, 0x2F8AE, 0x2F8AF, 0x2F8B0, 0x2F8B1, 0x2F8B2, 0x2F8B3, 0x2F8B4, 0x2F8B5,
            0x2F8B6, 0x2F8B7, 0x2F8B8, 0x2F8B9, 0x2F8BA, 0x2F8BB, 0x2F8BC, 0x2F8BD, 0x2F8BE, 0x2F8BF, 0x2F8C0,
            0x2F8C1, 0x2F8C2, 0x2F8C3, 0x2F8C4, 0x2F8C5, 0x2F8C6, 0x2F8C7, 0x2F8C8, 0x2F8C9, 0x2F8CA, 0x2F8CB,
            0x2F8CC, 0x2F8CD, 0x2F8CE, 0x2F8CF, 0x2F8D0, 0x2F8D1, 0x2F8D2, 0x2F8D3, 0x2F8D4, 0x2F8D5, 0x2F8D6,
            0x2F8D7, 0x2F8D8, 0x2F8D9, 0x2F8DA, 0x2F8DB, 0x2F8DC, 0x2F8DD, 0x2F8DE, 0x2F8DF, 0x2F8E0, 0x2F8E1,
            0x2F8E2, 0x2F8E3, 0x2F8E4, 0x2F8E5, 0x2F8E6, 0x2F8E7, 0x2F8E8, 0x2F8E9, 0x2F8EA, 0x2F8EB, 0x2F8EC,
            0x2F8ED, 0x2F8EE, 0x2F8EF, 0x2F8F0, 0x2F8F1, 0x2F8F2, 0x2F8F3, 0x2F8F4, 0x2F8F5, 0x2F8F6, 0x2F8F7,
            0x2F8F8, 0x2F8F9, 0x2F8FA, 0x2F8FB, 0x2F8FC, 0x2F8FD, 0x2F8FE, 0x2F8FF, 0x2F900, 0x2F901, 0x2F902,
            0x2F903, 0x2F904, 0x2F905, 0x2F906, 0x2F907, 0x2F908, 0x2F909, 0x2F90A, 0x2F90B, 0x2F90C, 0x2F90D,
            0x2F90E, 0x2F90F, 0x2F910, 0x2F911, 0x2F912, 0x2F913, 0x2F914, 0x2F915, 0x2F916, 0x2F917, 0x2F918,
            0x2F919, 0x2F91A, 0x2F91B, 0x2F91C, 0x2F91D, 0x2F91E, 0x2F91F, 0x2F920, 0x2F921, 0x2F922, 0x2F923,
            0x2F924, 0x2F925, 0x2F926, 0x2F927, 0x2F928, 0x2F929, 0x2F92A, 0x2F92B, 0x2F92C, 0x2F92D, 0x2F92E,
            0x2F92F, 0x2F930, 0x2F931, 0x2F932, 0x2F933, 0x2F934, 0x2F935, 0x2F936, 0x2F937, 0x2F938, 0x2F939,
            0x2F93A, 0x2F93B, 0x2F93C, 0x2F93D, 0x2F93E, 0x2F93F, 0x2F940, 0x2F941, 0x2F942, 0x2F943, 0x2F944,
            0x2F945, 0x2F946, 0x2F947, 0x2F948, 0x2F949, 0x2F94A, 0x2F94B, 0x2F94C, 0x2F94D, 0x2F94E, 0x2F94F,
            0x2F950, 0x2F951, 0x2F952, 0x2F953, 0x2F954, 0x2F955, 0x2F956, 0x2F957, 0x2F958, 0x2F959, 0x2F95A,
            0x2F95B, 0x2F95C, 0x2F95D, 0x2F95E, 0x2F95F, 0x2F960, 0x2F961, 0x2F962, 0x2F963, 0x2F964, 0x2F965,
            0x2F966, 0x2F967, 0x2F968, 0x2F969, 0x2F96A, 0x2F96B, 0x2F96C, 0x2F96D, 0x2F96E, 0x2F96F, 0x2F970,
            0x2F971, 0x2F972, 0x2F973, 0x2F974, 0x2F975, 0x2F976, 0x2F977, 0x2F978, 0x2F979, 0x2F97A, 0x2F97B,
            0x2F97C, 0x2F97D, 0x2F97E, 0x2F97F, 0x2F980, 0x2F981, 0x2F982, 0x2F983, 0x2F984, 0x2F985, 0x2F986,
            0x2F987, 0x2F988, 0x2F989, 0x2F98A, 0x2F98B, 0x2F98C, 0x2F98D, 0x2F98E, 0x2F98F, 0x2F990, 0x2F991,
            0x2F992, 0x2F993, 0x2F994, 0x2F995, 0x2F996, 0x2F997, 0x2F998, 0x2F999, 0x2F99A, 0x2F99B, 0x2F99C,
            0x2F99D, 0x2F99E, 0x2F99F, 0x2F9A0, 0x2F9A1, 0x2F9A2, 0x2F9A3, 0x2F9A4, 0x2F9A5, 0x2F9A6, 0x2F9A7,
            0x2F9A8, 0x2F9A9, 0x2F9AA, 0x2F9AB, 0x2F9AC, 0x2F9AD, 0x2F9AE, 0x2F9AF, 0x2F9B0, 0x2F9B1, 0x2F9B2,
            0x2F9B3, 0x2F9B4, 0x2F9B5, 0x2F9B6, 0x2F9B7, 0x2F9B8, 0x2F9B9, 0x2F9BA, 0x2F9BB, 0x2F9BC, 0x2F9BD,
            0x2F9BE, 0x2F9BF, 0x2F9C0, 0x2F9C1, 0x2F9C2, 0x2F9C3, 0x2F9C4, 0x2F9C5, 0x2F9C6, 0x2F9C7, 0x2F9C8,
            0x2F9C9, 0x2F9CA, 0x2F9CB, 0x2F9CC, 0x2F9CD, 0x2F9CE, 0x2F9CF, 0x2F9D0, 0x2F9D1, 0x2F9D2, 0x2F9D3,
            0x2F9D4, 0x2F9D5, 0x2F9D6, 0x2F9D7, 0x2F9D8, 0x2F9D9, 0x2F9DA, 0x2F9DB, 0x2F9DC, 0x2F9DD, 0x2F9DE,
            0x2F9DF, 0x2F9E0, 0x2F9E1, 0x2F9E2, 0x2F9E3, 0x2F9E4, 0x2F9E5, 0x2F9E6, 0x2F9E7, 0x2F9E8, 0x2F9E9,
            0x2F9EA, 0x2F9EB, 0x2F9EC, 0x2F9ED, 0x2F9EE, 0x2F9EF, 0x2F9F0, 0x2F9F1, 0x2F9F2, 0x2F9F3, 0x2F9F4,
            0x2F9F5, 0x2F9F6, 0x2F9F7, 0x2F9F8, 0x2F9F9, 0x2F9FA, 0x2F9FB, 0x2F9FC, 0x2F9FD, 0x2F9FE, 0x2F9FF,
            0x2FA00, 0x2FA01, 0x2FA02, 0x2FA03, 0x2FA04, 0x2FA05, 0x2FA06, 0x2FA07, 0x2FA08, 0x2FA09, 0x2FA0A,
            0x2FA0B, 0x2FA0C, 0x2FA0D, 0x2FA0E, 0x2FA0F, 0x2FA10, 0x2FA11, 0x2FA12, 0x2FA13, 0x2FA14, 0x2FA15,
            0x2FA16, 0x2FA17, 0x2FA18, 0x2FA19, 0x2FA1A, 0x2FA1B, 0x2FA1C, 0x2FA1D,
        };

        private static readonly int[] DecompOffset =
        {
            0x0, 0xE, 0x20, 0x2C, 0x3E, 0x4A, 0x56, 0x68, 0x75, 0x87, 0x93, 0x9F, 0xB8, 0xD1, 0xEA, 0xF3, 0xFC,
            0x105, 0x10E, 0x117, 0x120, 0x129, 0x132, 0x13B, 0x144, 0x14D, 0x156, 0x15F, 0x168, 0x171, 0x17A,
            0x183, 0x18C, 0x195, 0x19E, 0x1A7, 0x1B0, 0x1B9, 0x1C2, 0x1CB, 0x1D4, 0x1DD, 0x1E6, 0x1EF, 0x1F8,
            0x201, 0x20A, 0x213, 0x21C, 0x225, 0x22E, 0x237, 0x240, 0x249, 0x252, 0x25B, 0x264, 0x26D, 0x276,
            0x27F, 0x288, 0x291, 0x29A, 0x2A3, 0x2AC, 0x2B5, 0x2BE, 0x2C7, 0x2D0, 0x2D9, 0x2E2, 0x2EB, 0x2F4,
            0x2FD, 0x306, 0x30F, 0x318, 0x321, 0x32A, 0x333, 0x33C, 0x345, 0x34E, 0x357, 0x360, 0x369, 0x372,
            0x37B, 0x384, 0x38D, 0x396, 0x39F, 0x3A8, 0x3B1, 0x3BA, 0x3C3, 0x3CC, 0x3D5, 0x3DE, 0x3E7, 0x3F0,
            0x3F9, 0x402, 0x40B, 0x414, 0x41D, 0x426, 0x42F, 0x438, 0x441, 0x44A, 0x453, 0x45C, 0x46E, 0x480,
            0x489, 0x492, 0x49B, 0x4A4, 0x4AD, 0x4B6, 0x4BF, 0x4C8, 0x4D1, 0x4DA, 0x4EC, 0x4FE, 0x507, 0x510,
            0x519, 0x522, 0x52B, 0x534, 0x546, 0x54F, 0x558, 0x561, 0x56A, 0x573, 0x57C, 0x585, 0x58E, 0x597,
            0x5A0, 0x5A9, 0x5B2, 0x5BB, 0x5C4, 0x5CD, 0x5D6, 0x5DF, 0x5E8, 0x5F1, 0x5FA, 0x603, 0x60C, 0x615,
            0x61E, 0x627, 0x630, 0x639, 0x642, 0x64B, 0x654, 0x65D, 0x666, 0x66F, 0x678, 0x681, 0x68A, 0x693,
            0x69C, 0x6A5, 0x6AE, 0x6B7, 0x6C0, 0x6C9, 0x6D2, 0x6DB, 0x6E4, 0x6ED, 0x6FA, 0x703, 0x70C, 0x715,
            0x71E, 0x730, 0x742, 0x754, 0x766, 0x778, 0x78A, 0x79C, 0x7AE, 0x7C0, 0x7C9, 0x7D2, 0x7DB, 0x7E4,
            0x7ED, 0x7F6, 0x7FF, 0x808, 0x811, 0x81A, 0x823, 0x82C, 0x835, 0x83E, 0x847, 0x850, 0x859, 0x862,
            0x86B, 0x874, 0x87D, 0x886, 0x88F, 0x898, 0x8A1, 0x8AA, 0x8B3, 0x8BC, 0x8C5, 0x8CE, 0x8D7, 0x8E0,
            0x8E9, 0x8FB, 0x90D, 0x91F, 0x928, 0x931, 0x93A, 0x943, 0x94C, 0x955, 0x95E, 0x967, 0x970, 0x979,
            0x982, 0x98B, 0x994, 0x99D, 0x9A6, 0x9AF, 0x9B8, 0x9C1, 0x9CA, 0x9D3, 0x9DC, 0x9E5, 0x9EE, 0x9F7,
            0xA00, 0xA09, 0xA12, 0xA1B, 0xA24, 0xA2D, 0xA36, 0xA3F, 0xA48, 0xA51, 0xA5A, 0xA63, 0xA6C, 0xA75,
            0xA7E, 0xA87, 0xA90, 0xA99, 0xAA2, 0xAAB, 0xAB4, 0xABD, 0xAC6, 0xACF, 0xAD8, 0xAE1, 0xAEA, 0xAF3,
            0xAFC, 0xB05, 0xB11, 0xB1D, 0xB29, 0xB35, 0xB41, 0xB4D, 0xB59, 0xB65, 0xB71, 0xB83, 0xB95, 0xBA7,
            0xBB9, 0xBCB, 0xBDD, 0xBE9, 0xBF5, 0xC01, 0xC0D, 0xC19, 0xC1D, 0xC21, 0xC25, 0xC2E, 0xC32, 0xC44,
            0xC48, 0xC5A, 0xC63, 0xC6C, 0xC70, 0xC79, 0xC82, 0xC8B, 0xC94, 0xC9D, 0xCA6, 0xCAF, 0xCB8, 0xCC1,
            0xCCA, 0xCD3, 0xCDC, 0xCE5, 0xCEE, 0xCF7, 0xD00, 0xD09, 0xD12, 0xD1B, 0xD28, 0xD35, 0xD42, 0xD4B,
            0xD54, 0xD61, 0xD6E, 0xD7B, 0xD88, 0xD95, 0xDA2, 0xDAF, 0xDBC, 0xDC5, 0xDCE, 0xDD7, 0xDE0, 0xDE9,
            0xDF2, 0xDFB, 0xE04, 0xE0D, 0xE16, 0xE1F, 0xE28, 0xE31, 0xE3A, 0xE43, 0xE4C, 0xE55, 0xE5E, 0xE67,
            0xE70, 0xE79, 0xE82, 0xE8B, 0xE94, 0xE9D, 0xEA6, 0xEAF, 0xEB8, 0xEC1, 0xECA, 0xED3, 0xEDC, 0xEE5,
            0xEEE, 0xEF7, 0xF00, 0xF09, 0xF12, 0xF1B, 0xF24, 0xF2D, 0xF36, 0xF3F, 0xF48, 0xF51, 0xF5A, 0xF63,
            0xF6C, 0xF75, 0xF7E, 0xF87, 0xF90, 0xFA2, 0xFAB, 0xFB4, 0xFBD, 0xFC6, 0xFCF, 0xFE1, 0xFF3, 0x1005,
            0x1017, 0x1020, 0x1029, 0x1032, 0x103B, 0x1044, 0x104D, 0x1056, 0x105F, 0x1068, 0x1071, 0x107A, 0x1083,
            0x108C, 0x1095, 0x109E, 0x10A7, 0x10B0, 0x10B9, 0x10C2, 0x10CB, 0x10D4, 0x10DD, 0x10E6, 0x10EF, 0x10F8,
            0x1101, 0x110A, 0x1113, 0x111C, 0x1125, 0x112E, 0x1137, 0x1140, 0x1149, 0x1152, 0x115B, 0x1164, 0x116D,
            0x1176, 0x117F, 0x1188, 0x1191, 0x119A, 0x11A3, 0x11AC, 0x11B5, 0x11BE, 0x11D0, 0x11E2, 0x11F4, 0x1206,
            0x1214, 0x121D, 0x1226, 0x122F, 0x1238, 0x1241, 0x124A, 0x1253, 0x125C, 0x1265, 0x1277, 0x1280, 0x1292,
            0x129B, 0x12A4, 0x12AD, 0x12B6, 0x12BF, 0x12C8, 0x12D1, 0x12DA, 0x12E6, 0x12EF, 0x12F8, 0x1301, 0x130A,
            0x1313, 0x131C, 0x1325, 0x132E, 0x1337, 0x1340, 0x1349, 0x1355, 0x1361, 0x136D, 0x1379, 0x1385, 0x1391,
            0x139D, 0x13A9, 0x13B5, 0x13C1, 0x13CD, 0x13D9, 0x13E5, 0x13F1, 0x13FD, 0x1409, 0x1415, 0x1421, 0x142D,
            0x1439, 0x1445, 0x1451, 0x145D, 0x1469, 0x1475, 0x1481, 0x148D, 0x1499, 0x14A5, 0x14B1, 0x14BD, 0x14C9,
            0x14D5, 0x14E1, 0x14ED, 0x14F9, 0x1505, 0x1511, 0x151D, 0x1529, 0x1535, 0x1541, 0x154D, 0x1559, 0x1565,
            0x1571, 0x157D, 0x1589, 0x1595, 0x15A1, 0x15AD, 0x15B7, 0x15C1, 0x15CB, 0x15D5, 0x15DF, 0x15E9, 0x15F3,
            0x15FD, 0x1607, 0x1613, 0x161F, 0x162B, 0x1637, 0x1643, 0x164F, 0x165B, 0x1667, 0x1673, 0x167F, 0x168B,
            0x1697, 0x16A3, 0x16AF, 0x16BB, 0x16C7, 0x16D3, 0x16DF, 0x16EB, 0x16F7, 0x1703, 0x170F, 0x171B, 0x1727,
            0x1733, 0x173F, 0x174B, 0x1757, 0x1763, 0x176F, 0x177B, 0x1787, 0x1793, 0x179F, 0x17AB, 0x17B7, 0x17C3,
            0x17CF, 0x17D8, 0x17E1, 0x17EA, 0x17F3, 0x17FC, 0x1805, 0x180E, 0x1817, 0x1820, 0x1829, 0x1832, 0x183B,
            0x1844, 0x184D, 0x1856, 0x185F, 0x1868, 0x1871, 0x187A, 0x1883, 0x188C, 0x1895, 0x189E, 0x18A7, 0x18B0,
            0x18B9, 0x18C2, 0x18CB, 0x18D4, 0x18DD, 0x18E6, 0x18EF, 0x18F8, 0x1901, 0x190A, 0x1913, 0x191C, 0x1925,
            0x192E, 0x1937, 0x1940, 0x1949, 0x1952, 0x195B, 0x1964, 0x196D, 0x1976, 0x197F, 0x1988, 0x1991, 0x199A,
            0x19A3, 0x19AC, 0x19B5, 0x19BE, 0x19C7, 0x19D0, 0x19D9, 0x19E2, 0x19EB, 0x19F4, 0x19FD, 0x1A06, 0x1A0F,
            0x1A18, 0x1A21, 0x1A2A, 0x1A33, 0x1A3C, 0x1A45, 0x1A4E, 0x1A57, 0x1A60, 0x1A69, 0x1A72, 0x1A7B, 0x1A84,
            0x1A8D, 0x1A96, 0x1A9F, 0x1AA8, 0x1AB1, 0x1ABA, 0x1AC3, 0x1ACC, 0x1AD5, 0x1ADE, 0x1AE7, 0x1AF0, 0x1AF9,
            0x1B02, 0x1B0B, 0x1B14, 0x1B1D, 0x1B26, 0x1B2F, 0x1B38, 0x1B41, 0x1B4A, 0x1B53, 0x1B5C, 0x1B65, 0x1B6E,
            0x1B77, 0x1B80, 0x1B89, 0x1B92, 0x1B9B, 0x1BA4, 0x1BAD, 0x1BB6, 0x1BBF, 0x1BC8, 0x1BD1, 0x1BDA, 0x1BE3,
            0x1BEC, 0x1BF5, 0x1BFE, 0x1C07, 0x1C10, 0x1C19, 0x1C22, 0x1C2B, 0x1C34, 0x1C3D, 0x1C46, 0x1C4F, 0x1C58,
            0x1C61, 0x1C6A, 0x1C73, 0x1C7C, 0x1C85, 0x1C8E, 0x1C97, 0x1CA0, 0x1CA9, 0x1CB2, 0x1CBB, 0x1CC4, 0x1CCD,
            0x1CD6, 0x1CDF, 0x1CE8, 0x1CF1, 0x1CFA, 0x1D03, 0x1D0C, 0x1D15, 0x1D1E, 0x1D27, 0x1D30, 0x1D39, 0x1D4B,
            0x1D54, 0x1D5D, 0x1D66, 0x1D6F, 0x1D78, 0x1D81, 0x1D8A, 0x1D93, 0x1D9C, 0x1DA5, 0x1DAE, 0x1DB7, 0x1DC0,
            0x1DC9, 0x1DD2, 0x1DDB, 0x1DE4, 0x1DED, 0x1DF6, 0x1DFF, 0x1E08, 0x1E11, 0x1E1A, 0x1E23, 0x1E2C, 0x1E35,
            0x1E3E, 0x1E47, 0x1E50, 0x1E59, 0x1E62, 0x1E6B, 0x1E74, 0x1E7D, 0x1E86, 0x1E8F, 0x1E98, 0x1EA1, 0x1EAA,
            0x1EB3, 0x1EBC, 0x1EC5, 0x1ECE, 0x1ED7, 0x1EE0, 0x1EE9, 0x1EF2, 0x1EFB, 0x1F04, 0x1F0D, 0x1F16, 0x1F1F,
            0x1F28, 0x1F31, 0x1F3A, 0x1F43, 0x1F4C, 0x1F55, 0x1F5E, 0x1F67, 0x1F70, 0x1F79, 0x1F82, 0x1F8B, 0x1F94,
            0x1F9D, 0x1FA6, 0x1FAF, 0x1FB8, 0x1FC1, 0x1FCA, 0x1FD3, 0x1FDC, 0x1FE5, 0x1FEE, 0x1FF7, 0x2000, 0x2009,
            0x2012, 0x201B, 0x2024, 0x202D, 0x2036, 0x203F, 0x2048, 0x2051, 0x205A, 0x2063, 0x206C, 0x2075, 0x207E,
            0x2087, 0x2090, 0x2099, 0x20A2, 0x20AB, 0x20B4, 0x20BD, 0x20C6, 0x20CF, 0x20D8, 0x20E1, 0x20EA, 0x20F3,
            0x20FC, 0x2105, 0x210E, 0x2117, 0x2120, 0x2129, 0x2132, 0x213B, 0x2144, 0x214D, 0x2156, 0x215F, 0x2168,
            0x2171, 0x217A, 0x2183, 0x218C, 0x2195, 0x219E, 0x21A7, 0x21B0, 0x21B9, 0x21C2, 0x21CB, 0x21D4, 0x21DD,
            0x21E6, 0x21EF, 0x21F8, 0x2201, 0x220A, 0x2213, 0x221C, 0x2225, 0x222E, 0x2237, 0x2240, 0x2249, 0x2252,
            0x225B, 0x2264, 0x226D, 0x2276, 0x227F, 0x2288, 0x2291, 0x229A, 0x22A3, 0x22AC, 0x22B5, 0x22BE, 0x22C7,
            0x22D0, 0x22D9, 0x22E2, 0x22EB, 0x22F4, 0x22FD, 0x2306, 0x230F, 0x2318, 0x2321, 0x232A, 0x2333, 0x233C,
            0x2345, 0x234E, 0x2357, 0x2360, 0x2369, 0x2372, 0x237B, 0x2384, 0x238D, 0x2396, 0x239F, 0x23A8, 0x23B1,
            0x23BA, 0x23C3, 0x23CC, 0x23D5, 0x23DE, 0x23E7, 0x23F0, 0x23F9, 0x2402, 0x240B, 0x240F, 0x2418, 0x241C,
            0x2425, 0x2429, 0x2432, 0x2436, 0x243F, 0x2443, 0x244C, 0x2450, 0x2459, 0x245D, 0x2466, 0x246F, 0x2478,
            0x2481, 0x248A, 0x2493, 0x249C, 0x24A5, 0x24AE, 0x24B7, 0x24C0, 0x24C9, 0x24D2, 0x24DB, 0x24E4, 0x24ED,
            0x24F6, 0x24FF, 0x2508, 0x2511, 0x251A, 0x2523, 0x252C, 0x2535, 0x253E, 0x2547, 0x2550, 0x2559, 0x2562,
            0x256B, 0x2574, 0x257D, 0x2586, 0x258F, 0x2598, 0x25A1, 0x25AA, 0x25B3, 0x25BC, 0x25C5, 0x25CE, 0x25D7,
            0x25E0, 0x25E9, 0x25F2, 0x25FB, 0x2604, 0x260D, 0x2616, 0x261F, 0x2628, 0x2631, 0x263A, 0x2643, 0x264C,
            0x2655, 0x265E, 0x2667, 0x266B, 0x2674, 0x2686, 0x268A, 0x269C, 0x26AE, 0x26B7, 0x26C0, 0x26C9, 0x26D2,
            0x26DB, 0x26E4, 0x26ED, 0x26F1, 0x26FA, 0x26FE, 0x2707, 0x2710, 0x2719, 0x2722, 0x272B, 0x2734, 0x273D,
            0x2741, 0x274A, 0x2753, 0x275C, 0x2765, 0x276E, 0x2772, 0x277B, 0x2784, 0x278D, 0x2796, 0x279F, 0x27A8,
            0x27AC, 0x27B5, 0x27BE, 0x27C7, 0x27D0, 0x27D9, 0x27E2, 0x27EB, 0x27EF, 0x27F8, 0x2801, 0x2805, 0x2809,
            0x2812, 0x281B, 0x2824, 0x282D, 0x2836, 0x283F, 0x2843, 0x284C, 0x2850, 0x2859, 0x285D, 0x286F, 0x2873,
            0x2877, 0x2884, 0x2891, 0x289E, 0x28AB, 0x28B8, 0x28C6, 0x28D3, 0x28E0, 0x28ED, 0x28FB, 0x290D, 0x291A,
            0x292C, 0x2943, 0x2951, 0x2963, 0x297A, 0x298C, 0x29A3, 0x29B5, 0x29C7, 0x29D9, 0x29EB, 0x29FD, 0x2A19,
            0x2A26, 0x2A32, 0x2A3E, 0x2A4A, 0x2A56, 0x2A62, 0x2A6E, 0x2A7A, 0x2A86, 0x2A92, 0x2A9E, 0x2AAA, 0x2AB6,
            0x2AC2, 0x2ACE, 0x2AD8, 0x2AE2, 0x2AEC, 0x2AF6, 0x2B00, 0x2B0A, 0x2B14, 0x2B1E, 0x2B28, 0x2B32, 0x2B3C,
            0x2B46, 0x2B50, 0x2B5A, 0x2B64, 0x2B6E, 0x2B78, 0x2B82, 0x2B8C, 0x2B96, 0x2BA0, 0x2BAA, 0x2BB4, 0x2BBE,
            0x2BC8, 0x2BD2, 0x2BDC, 0x2BE6, 0x2BF8, 0x2C0F, 0x2C26, 0x2C31, 0x2C43, 0x2C5A, 0x2C71, 0x2C7E, 0x2C90,
            0x2C9B, 0x2CA6, 0x2CB1, 0x2CBC, 0x2CC7, 0x2CD2, 0x2CDD, 0x2CE8, 0x2CF3, 0x2CFE, 0x2D09, 0x2D1B, 0x2D26,
            0x2D31, 0x2D3C, 0x2D47, 0x2D52, 0x2D63, 0x2D7A, 0x2D8B, 0x2D96, 0x2D9A, 0x2DA5, 0x2DA9, 0x2DAD, 0x2DB8,
            0x2DC3, 0x2DCE, 0x2DD9, 0x2DE4, 0x2DEF, 0x2DFA, 0x2E07, 0x2E14, 0x2E21, 0x2E2E, 0x2E39, 0x2E50, 0x2E5B,
            0x2E66, 0x2E71, 0x2E7C, 0x2E87, 0x2E92, 0x2E9D, 0x2EA8, 0x2EB3, 0x2EBE, 0x2ED7, 0x2EF0, 0x2F0E, 0x2F27,
            0x2F40, 0x2F59, 0x2F72, 0x2F8B, 0x2FA4, 0x2FBD, 0x2FD6, 0x2FEF, 0x3008, 0x3021, 0x303A, 0x304E, 0x305B,
            0x306D, 0x3084, 0x3096, 0x30A3, 0x30B5, 0x30CC, 0x30E8, 0x30FA, 0x3107, 0x3119, 0x3130, 0x313D, 0x314A,
            0x3157, 0x3164, 0x3171, 0x3183, 0x319A, 0x31AC, 0x31B9, 0x31CB, 0x31E2, 0x31FE, 0x3210, 0x321D, 0x322F,
            0x3246, 0x3253, 0x3260, 0x326D, 0x327A, 0x3293, 0x329C, 0x32A5, 0x32AE, 0x32B7, 0x32C0, 0x32C9, 0x32D2,
            0x32DB, 0x32E4, 0x32ED, 0x32F6, 0x3308, 0x331F, 0x3331, 0x3348, 0x3351, 0x335A, 0x3363, 0x336C, 0x3375,
            0x337E, 0x3387, 0x3390, 0x3399, 0x33A2, 0x33AB, 0x33B4, 0x33BD, 0x33C6, 0x33CF, 0x33D8, 0x33E1, 0x33EA,
            0x33F3, 0x33FC, 0x3405, 0x340E, 0x3417, 0x3420, 0x3429, 0x3432, 0x343B, 0x3444, 0x344D, 0x3456, 0x345F,
            0x3468, 0x3471, 0x3475, 0x3479, 0x3486, 0x3493, 0x34A0, 0x34AD, 0x34BA, 0x34C7, 0x34D4, 0x34E1, 0x34EE,
            0x3500, 0x3512, 0x3524, 0x3536, 0x3548, 0x355A, 0x356C, 0x357E, 0x3590, 0x35A2, 0x35B4, 0x35CB, 0x35E2,
            0x35F9, 0x3610, 0x3627, 0x363E, 0x3655, 0x366C, 0x3683, 0x369F, 0x36BB, 0x36D7, 0x36F3, 0x370F, 0x372B,
            0x3747, 0x3763, 0x377F, 0x379B, 0x37B7, 0x37C9, 0x37DB, 0x37ED, 0x37FF, 0x3811, 0x3823, 0x3835, 0x3847,
            0x3859, 0x3870, 0x3887, 0x389E, 0x38B5, 0x38CC, 0x38E3, 0x38FA, 0x3911, 0x3928, 0x393F, 0x3956, 0x396D,
            0x3984, 0x399B, 0x39B2, 0x39C9, 0x39E0, 0x39F7, 0x3A0E, 0x3A25, 0x3A3C, 0x3A53, 0x3A6A, 0x3A81, 0x3A98,
            0x3AAF, 0x3AC6, 0x3ADD, 0x3AF4, 0x3B0B, 0x3B22, 0x3B39, 0x3B50, 0x3B67, 0x3B7E, 0x3B95, 0x3BAC, 0x3BB9,
            0x3BC6, 0x3BD3, 0x3BE0, 0x3BED, 0x3BFA, 0x3C07, 0x3C14, 0x3C21, 0x3C2E, 0x3C3B, 0x3C48, 0x3C55, 0x3C62,
            0x3C6F, 0x3C7C, 0x3C89, 0x3C96, 0x3CA3, 0x3CB0, 0x3CBD, 0x3CCA, 0x3CD7, 0x3CE4, 0x3CF1, 0x3CFE, 0x3D0B,
            0x3D18, 0x3D25, 0x3D32, 0x3D3F, 0x3D4C, 0x3D59, 0x3D66, 0x3D73, 0x3D80, 0x3D8D, 0x3D9A, 0x3DA7, 0x3DB4,
            0x3DC1, 0x3DCE, 0x3DDB, 0x3DE8, 0x3DF5, 0x3E02, 0x3E0F, 0x3E1C, 0x3E29, 0x3E36, 0x3E43, 0x3E50, 0x3E5D,
            0x3E79, 0x3E90, 0x3EA2, 0x3EB9, 0x3EC2, 0x3ECC, 0x3ED8, 0x3EE4, 0x3EF1, 0x3EFE, 0x3F0B, 0x3F18, 0x3F25,
            0x3F32, 0x3F3F, 0x3F4C, 0x3F59, 0x3F66, 0x3F73, 0x3F80, 0x3F8D, 0x3F9A, 0x3FA7, 0x3FB4, 0x3FC1, 0x3FCE,
            0x3FDB, 0x3FE8, 0x3FF5, 0x4002, 0x400F, 0x401C, 0x4029, 0x4036, 0x4043, 0x4050, 0x405D, 0x406A, 0x4077,
            0x4084, 0x4091, 0x409E, 0x40AB, 0x40B8, 0x40C5, 0x40D2, 0x40DF, 0x40EC, 0x40F9, 0x4106, 0x4113, 0x4120,
            0x412D, 0x413A, 0x4147, 0x4154, 0x4161, 0x416E, 0x417B, 0x4188, 0x4195, 0x41A2, 0x41AF, 0x41BC, 0x41C9,
            0x41D6, 0x41E3, 0x41F0, 0x41FD, 0x420A, 0x4217, 0x4224, 0x4231, 0x423E, 0x424B, 0x4258, 0x4265, 0x4272,
            0x427F, 0x428C, 0x4299, 0x42A6, 0x42B3, 0x42C0, 0x42CD, 0x42DA, 0x42E7, 0x42F4, 0x4301, 0x430E, 0x431B,
            0x4328, 0x4335, 0x4342, 0x434F, 0x435C, 0x4369, 0x4376, 0x4383, 0x4390, 0x439D, 0x43AA, 0x43B7, 0x43C4,
            0x43D1, 0x43DE, 0x43EB, 0x43F8, 0x4405, 0x4412, 0x441F, 0x442C, 0x4439, 0x4446, 0x4453, 0x4460, 0x446D,
            0x447A, 0x4487, 0x4494, 0x44A1, 0x44AE, 0x44BB, 0x44C8, 0x44D5, 0x44E2, 0x44EF, 0x44FC, 0x4509, 0x4516,
            0x4523, 0x4530, 0x453D, 0x454A, 0x4557, 0x4564, 0x4571, 0x457E, 0x458B, 0x4598, 0x45A5, 0x45B2, 0x45BF,
            0x45CC, 0x45D9, 0x45E6, 0x45F3, 0x4600, 0x460D, 0x461A, 0x4627, 0x4634, 0x4641, 0x464E, 0x465B, 0x4668,
            0x4675, 0x4682, 0x468F, 0x469C, 0x46A9, 0x46B6, 0x46C3, 0x46D0, 0x46DD, 0x46EA, 0x46F7, 0x4704, 0x4711,
            0x471E, 0x472B, 0x4738, 0x4745, 0x4752, 0x475F, 0x476C, 0x4779, 0x4786, 0x4793, 0x47A0, 0x47AD, 0x47BA,
            0x47C7, 0x47D4, 0x47E1, 0x47EE, 0x47FB, 0x4808, 0x4815, 0x4822, 0x482F, 0x483C, 0x4849, 0x4856, 0x4863,
            0x4870, 0x487D, 0x488A, 0x4897, 0x48A4, 0x48B1, 0x48BE, 0x48CB, 0x48D8, 0x48E5, 0x48F2, 0x48FF, 0x490C,
            0x4919, 0x4926, 0x4933, 0x4940, 0x494D, 0x495A, 0x4967, 0x4974, 0x4981, 0x498E, 0x499B, 0x49A8, 0x49B5,
            0x49C2, 0x49CF, 0x49DC, 0x49E7, 0x49F4, 0x4A01, 0x4A0E, 0x4A1B, 0x4A24, 0x4A2D, 0x4A36, 0x4A3F, 0x4A48,
            0x4A51, 0x4A5A, 0x4A63, 0x4A6C, 0x4A75, 0x4A7E, 0x4A87, 0x4A90, 0x4A99, 0x4AA2, 0x4AAB, 0x4AB4, 0x4ABD,
            0x4AC6, 0x4ACF, 0x4AD8, 0x4AE1, 0x4AEA, 0x4AF3, 0x4AFC, 0x4B05, 0x4B17, 0x4B29, 0x4B32, 0x4B46, 0x4B4F,
            0x4B58, 0x4B61, 0x4B6A, 0x4B73, 0x4B7C, 0x4B85, 0x4B8E, 0x4B97, 0x4BA0, 0x4BA9, 0x4BB2, 0x4BBB, 0x4BC4,
            0x4BCD, 0x4BD6, 0x4BDF, 0x4BE8, 0x4BF1, 0x4BFA, 0x4C03, 0x4C0C, 0x4C15, 0x4C1E, 0x4C27, 0x4C30, 0x4C39,
            0x4C42, 0x4C4B, 0x4C54, 0x4C5D, 0x4C71, 0x4C7E, 0x4C8B, 0x4C98, 0x4CA5, 0x4CB2, 0x4CBF, 0x4CCC, 0x4CD9,
            0x4CE6, 0x4CF3, 0x4D00, 0x4D0D, 0x4D1A, 0x4D27, 0x4D34, 0x4D41, 0x4D4E, 0x4D5B, 0x4D68, 0x4D75, 0x4D82,
            0x4D8F, 0x4D9C, 0x4DA9, 0x4DB6, 0x4DC3, 0x4DD0, 0x4DDD, 0x4DEA, 0x4DF7, 0x4E04, 0x4E11, 0x4E1E, 0x4E2B,
            0x4E38, 0x4E45, 0x4E52, 0x4E5F, 0x4E6C, 0x4E79, 0x4E86, 0x4E93, 0x4EA0, 0x4EAD, 0x4EBA, 0x4EC7, 0x4ED4,
            0x4EE1, 0x4EEE, 0x4EFB, 0x4F08, 0x4F15, 0x4F22, 0x4F2F, 0x4F3C, 0x4F49, 0x4F56, 0x4F63, 0x4F70, 0x4F7D,
            0x4F8A, 0x4F97, 0x4FA4, 0x4FB1, 0x4FBE, 0x4FCB, 0x4FD8, 0x4FE5, 0x4FF2, 0x4FFF, 0x500C, 0x5019, 0x5026,
            0x5033, 0x5040, 0x504D, 0x505A, 0x5067, 0x5074, 0x5081, 0x508E, 0x509B, 0x50A8, 0x50B5, 0x50C2, 0x50CF,
            0x50DC, 0x50E9, 0x50F6, 0x5103, 0x5110, 0x511D, 0x512A, 0x5137, 0x5143, 0x514F, 0x515B, 0x5167, 0x5173,
            0x517F, 0x518B, 0x5197, 0x51A3, 0x51AF, 0x51BB, 0x51C7, 0x51D3, 0x51DF, 0x51F6, 0x520D, 0x5224, 0x523B,
            0x5252, 0x5269, 0x5280, 0x5297, 0x52AE, 0x52C5, 0x52DC, 0x52F3, 0x530A, 0x5321, 0x533D, 0x5359, 0x5375,
            0x5391, 0x53AD, 0x53C9, 0x53E5, 0x5401, 0x541D, 0x5439, 0x5455, 0x5471, 0x548D, 0x54A9, 0x54C5, 0x54F0,
            0x5516, 0x552D, 0x5544, 0x555B, 0x5572, 0x5589, 0x55A0, 0x55B7, 0x55CE, 0x55E5, 0x55FC, 0x5613, 0x562A,
            0x5641, 0x5658, 0x566F, 0x5686, 0x569D, 0x56B4, 0x56CB, 0x56E2, 0x56F9, 0x5710, 0x5727, 0x573E, 0x5755,
            0x576C, 0x5783, 0x579A, 0x57B1, 0x57C8, 0x57DF, 0x57F6, 0x580D, 0x5824, 0x583B, 0x5852, 0x585F, 0x586C,
            0x5879, 0x5886, 0x589D, 0x58AF, 0x58C1, 0x58D3, 0x58E5, 0x58F7, 0x5909, 0x591B, 0x592D, 0x593F, 0x5951,
            0x5963, 0x5975, 0x5987, 0x5999, 0x59AB, 0x59B8, 0x59C5, 0x59D2, 0x59DF, 0x59EC, 0x59F9, 0x5A06, 0x5A13,
            0x5A20, 0x5A2D, 0x5A3A, 0x5A47, 0x5A54, 0x5A61, 0x5A73, 0x5A85, 0x5A97, 0x5AA9, 0x5ABB, 0x5ACD, 0x5ADF,
            0x5AF1, 0x5B03, 0x5B15, 0x5B27, 0x5B39, 0x5B4B, 0x5B5D, 0x5B7E, 0x5B9A, 0x5BAC, 0x5BB9, 0x5BC6, 0x5BD3,
            0x5BE0, 0x5BED, 0x5BFA, 0x5C07, 0x5C14, 0x5C21, 0x5C2E, 0x5C3B, 0x5C48, 0x5C55, 0x5C62, 0x5C6F, 0x5C7C,
            0x5C89, 0x5C96, 0x5CA3, 0x5CB0, 0x5CBD, 0x5CCA, 0x5CD7, 0x5CE4, 0x5CF1, 0x5CFE, 0x5D0B, 0x5D18, 0x5D25,
            0x5D32, 0x5D3F, 0x5D4C, 0x5D59, 0x5D66, 0x5D73, 0x5D80, 0x5D8D, 0x5D9A, 0x5DA7, 0x5DB4, 0x5DC1, 0x5DCE,
            0x5DDB, 0x5DE8, 0x5DF5, 0x5E02, 0x5E0F, 0x5E1C, 0x5E29, 0x5E3B, 0x5E4D, 0x5E5F, 0x5E71, 0x5E83, 0x5E95,
            0x5EA7, 0x5EB9, 0x5ECB, 0x5EDD, 0x5EEF, 0x5F01, 0x5F13, 0x5F25, 0x5F37, 0x5F49, 0x5F5B, 0x5F6D, 0x5F7F,
            0x5F91, 0x5FA3, 0x5FB5, 0x5FC7, 0x5FD9, 0x5FF0, 0x6007, 0x601E, 0x6030, 0x6047, 0x6059, 0x6070, 0x607D,
            0x608A, 0x6097, 0x60A4, 0x60B1, 0x60BE, 0x60CB, 0x60D8, 0x60E5, 0x60F2, 0x60FF, 0x610C, 0x6119, 0x6126,
            0x6133, 0x6140, 0x614D, 0x615A, 0x6167, 0x6174, 0x6181, 0x618E, 0x619B, 0x61A8, 0x61B5, 0x61C2, 0x61CF,
            0x61DC, 0x61E9, 0x61F6, 0x6203, 0x6210, 0x621D, 0x622A, 0x6237, 0x6244, 0x6251, 0x625E, 0x626B, 0x6278,
            0x6285, 0x6292, 0x629F, 0x62AC, 0x62B9, 0x62C6, 0x62D3, 0x62E5, 0x6301, 0x631D, 0x6339, 0x6350, 0x636C,
            0x6383, 0x639A, 0x63BB, 0x63D7, 0x63EE, 0x6405, 0x641C, 0x6438, 0x6454, 0x646B, 0x6482, 0x6494, 0x64AB,
            0x64C7, 0x64E3, 0x64F5, 0x6516, 0x653C, 0x655D, 0x6574, 0x6595, 0x65B6, 0x65D2, 0x65E9, 0x6600, 0x6617,
            0x6633, 0x6654, 0x6670, 0x6687, 0x669E, 0x66B5, 0x66C7, 0x66D9, 0x66EB, 0x66FD, 0x6714, 0x672B, 0x674C,
            0x6763, 0x677F, 0x67A0, 0x67B7, 0x67C9, 0x67DB, 0x67FC, 0x6818, 0x6839, 0x6850, 0x6871, 0x6883, 0x689A,
            0x68B1, 0x68C8, 0x68DF, 0x68F6, 0x6912, 0x6929, 0x693B, 0x6952, 0x6969, 0x6980, 0x699C, 0x69B3, 0x69CA,
            0x69E1, 0x6A02, 0x6A1E, 0x6A30, 0x6A51, 0x6A63, 0x6A7F, 0x6A9B, 0x6AB2, 0x6AC9, 0x6AE0, 0x6AFC, 0x6B0E,
            0x6B25, 0x6B41, 0x6B53, 0x6B74, 0x6B8B, 0x6B9D, 0x6BAF, 0x6BC1, 0x6BD3, 0x6BE5, 0x6BF7, 0x6C09, 0x6C1B,
            0x6C2D, 0x6C3F, 0x6C56, 0x6C6D, 0x6C84, 0x6C9B, 0x6CB2, 0x6CC9, 0x6CE0, 0x6CF7, 0x6D0E, 0x6D25, 0x6D3C,
            0x6D53, 0x6D6A, 0x6D81, 0x6D98, 0x6DAF, 0x6DC1, 0x6DD3, 0x6DEA, 0x6DFC, 0x6E0E, 0x6E20, 0x6E37, 0x6E4E,
            0x6E60, 0x6E72, 0x6E84, 0x6E96, 0x6EA8, 0x6EC4, 0x6ED6, 0x6EE8, 0x6EFA, 0x6F0C, 0x6F1E, 0x6F30, 0x6F42,
            0x6F54, 0x6F6B, 0x6F87, 0x6F99, 0x6FAB, 0x6FBD, 0x6FCF, 0x6FE1, 0x6FF3, 0x7005, 0x701C, 0x7033, 0x704A,
            0x7061, 0x7073, 0x7085, 0x7097, 0x70A9, 0x70BB, 0x70CD, 0x70DF, 0x70F1, 0x7103, 0x7115, 0x712C, 0x7143,
            0x7155, 0x716C, 0x7183, 0x719A, 0x71AC, 0x71C3, 0x71DA, 0x71F6, 0x7208, 0x721F, 0x7236, 0x724D, 0x7264,
            0x7285, 0x72AB, 0x72BD, 0x72CF, 0x72E1, 0x72F3, 0x7305, 0x7317, 0x7329, 0x733B, 0x734D, 0x735F, 0x7371,
            0x7383, 0x7395, 0x73A7, 0x73B9, 0x73CB, 0x73DD, 0x73EF, 0x740B, 0x741D, 0x742F, 0x7441, 0x745D, 0x7474,
            0x7486, 0x7498, 0x74AA, 0x74BC, 0x74CE, 0x74E0, 0x74F2, 0x7504, 0x7516, 0x7528, 0x753F, 0x7551, 0x7563,
            0x757A, 0x7591, 0x75A3, 0x75BF, 0x75D6, 0x75E8, 0x75FA, 0x760C, 0x761E, 0x7635, 0x764C, 0x765E, 0x7670,
            0x7682, 0x7694, 0x76A6, 0x76B8, 0x76CA, 0x76DC, 0x76EE, 0x7705, 0x771C, 0x7733, 0x774A, 0x7761, 0x7778,
            0x778F, 0x77A6, 0x77BD, 0x77D4, 0x77EB, 0x7802, 0x7819, 0x7830, 0x7847, 0x785E, 0x7875, 0x788C, 0x78A3,
            0x78BA, 0x78D1, 0x78E8, 0x78FF, 0x790B, 0x7917, 0x7923, 0x792F, 0x793B, 0x7947, 0x7953, 0x795F, 0x796B,
            0x7977, 0x7983, 0x798F, 0x799B, 0x799F, 0x79A3, 0x79A7, 0x79AB, 0x79AF, 0x79B3, 0x79B7, 0x79BB, 0x79BF,
            0x79C3, 0x79C7, 0x79CB, 0x79CF, 0x79D3, 0x79D7, 0x79DB, 0x79DF, 0x79E3, 0x79E7, 0x79EB, 0x79EF, 0x79F3,
            0x79F7, 0x79FB, 0x79FF, 0x7A03, 0x7A07, 0x7A0B, 0x7A0F, 0x7A13, 0x7A17, 0x7A1B, 0x7A1F, 0x7A23, 0x7A27,
            0x7A2B, 0x7A2F, 0x7A33, 0x7A37, 0x7A3B, 0x7A3F, 0x7A43, 0x7A47, 0x7A4B, 0x7A4F, 0x7A53, 0x7A57, 0x7A5B,
            0x7A5F, 0x7A63, 0x7A67, 0x7A6B, 0x7A6F, 0x7A73, 0x7A77, 0x7A7B, 0x7A7F, 0x7A83, 0x7A87, 0x7A8B, 0x7A8F,
            0x7A93, 0x7A97, 0x7A9B, 0x7A9F, 0x7AA3, 0x7AA7, 0x7AAB, 0x7AAF, 0x7AB3, 0x7AB7, 0x7ABB, 0x7ABF, 0x7AC3,
            0x7AC7, 0x7ACB, 0x7ACF, 0x7AD3, 0x7AD7, 0x7ADB, 0x7ADF, 0x7AE3, 0x7AE7, 0x7AEB, 0x7AEF, 0x7AF3, 0x7AF7,
            0x7AFB, 0x7AFF, 0x7B03, 0x7B07, 0x7B0B, 0x7B0F, 0x7B13, 0x7B17, 0x7B1B, 0x7B1F, 0x7B23, 0x7B27, 0x7B2B,
            0x7B2F, 0x7B33, 0x7B37, 0x7B3B, 0x7B3F, 0x7B43, 0x7B47, 0x7B4B, 0x7B4F, 0x7B53, 0x7B57, 0x7B5B, 0x7B5F,
            0x7B63, 0x7B67, 0x7B6B, 0x7B6F, 0x7B73, 0x7B77, 0x7B7B, 0x7B7F, 0x7B83, 0x7B87, 0x7B8B, 0x7B8F, 0x7B93,
            0x7B97, 0x7B9B, 0x7B9F, 0x7BA3, 0x7BA7, 0x7BAB, 0x7BAF, 0x7BB3, 0x7BB7, 0x7BBB, 0x7BBF, 0x7BC3, 0x7BC7,
            0x7BCB, 0x7BCF, 0x7BD3, 0x7BD7, 0x7BDB, 0x7BDF, 0x7BE3, 0x7BE7, 0x7BEB, 0x7BEF, 0x7BF3, 0x7BF7, 0x7BFB,
            0x7BFF, 0x7C03, 0x7C07, 0x7C0B, 0x7C0F, 0x7C13, 0x7C17, 0x7C1B, 0x7C1F, 0x7C23, 0x7C27, 0x7C2B, 0x7C2F,
            0x7C33, 0x7C37, 0x7C3B, 0x7C3F, 0x7C43, 0x7C47, 0x7C4B, 0x7C4F, 0x7C53, 0x7C57, 0x7C5B, 0x7C5F, 0x7C63,
            0x7C67, 0x7C6B, 0x7C6F, 0x7C73, 0x7C77, 0x7C7B, 0x7C7F, 0x7C83, 0x7C87, 0x7C8B, 0x7C8F, 0x7C93, 0x7C97,
            0x7C9B, 0x7C9F, 0x7CA3, 0x7CA7, 0x7CAB, 0x7CAF, 0x7CB3, 0x7CB7, 0x7CBB, 0x7CBF, 0x7CC3, 0x7CC7, 0x7CCB,
            0x7CCF, 0x7CD3, 0x7CD7, 0x7CDB, 0x7CDF, 0x7CE3, 0x7CE7, 0x7CEB, 0x7CEF, 0x7CF3, 0x7CF7, 0x7CFB, 0x7CFF,
            0x7D03, 0x7D07, 0x7D0B, 0x7D0F, 0x7D13, 0x7D17, 0x7D1B, 0x7D1F, 0x7D23, 0x7D27, 0x7D2B, 0x7D2F, 0x7D33,
            0x7D37, 0x7D3B, 0x7D3F, 0x7D43, 0x7D47, 0x7D4B, 0x7D4F, 0x7D53, 0x7D57, 0x7D5B, 0x7D5F, 0x7D63, 0x7D67,
            0x7D6B, 0x7D6F, 0x7D73, 0x7D77, 0x7D7B, 0x7D7F, 0x7D83, 0x7D87, 0x7D8B, 0x7D8F, 0x7D93, 0x7D97, 0x7D9B,
            0x7D9F, 0x7DA3, 0x7DA7, 0x7DAB, 0x7DAF, 0x7DB3, 0x7DB7, 0x7DBB, 0x7DBF, 0x7DC3, 0x7DC7, 0x7DCB, 0x7DCF,
            0x7DD3, 0x7DD7, 0x7DDB, 0x7DDF, 0x7DE3, 0x7DE7, 0x7DEB, 0x7DEF, 0x7DF3, 0x7DF7, 0x7DFB, 0x7DFF, 0x7E03,
            0x7E07, 0x7E0B, 0x7E0F, 0x7E13, 0x7E17, 0x7E1B, 0x7E1F, 0x7E23, 0x7E27, 0x7E2B, 0x7E2F, 0x7E33, 0x7E37,
            0x7E3B, 0x7E3F, 0x7E43, 0x7E47, 0x7E4B, 0x7E4F, 0x7E53, 0x7E57, 0x7E5B, 0x7E5F, 0x7E63, 0x7E67, 0x7E6B,
            0x7E6F, 0x7E73, 0x7E77, 0x7E7B, 0x7E7F, 0x7E83, 0x7E87, 0x7E8B, 0x7E8F, 0x7E93, 0x7E97, 0x7E9B, 0x7E9F,
            0x7EA3, 0x7EA7, 0x7EAB, 0x7EAF, 0x7EB3, 0x7EB7, 0x7EBB, 0x7EBF, 0x7EC3, 0x7EC7, 0x7ECB, 0x7ECF, 0x7ED3,
            0x7ED7, 0x7EDB, 0x7EDF, 0x7EE3, 0x7EE7, 0x7EEB, 0x7EEF, 0x7EF3, 0x7EF7, 0x7EFB, 0x7EFF, 0x7F03, 0x7F07,
            0x7F0B, 0x7F0F, 0x7F13, 0x7F17, 0x7F1B, 0x7F20, 0x7F24, 0x7F28, 0x7F2C, 0x7F30, 0x7F34, 0x7F38, 0x7F3C,
            0x7F40, 0x7F44, 0x7F48, 0x7F4C, 0x7F50, 0x7F54, 0x7F58, 0x7F5C, 0x7F60, 0x7F64, 0x7F68, 0x7F6C, 0x7F70,
            0x7F74, 0x7F78, 0x7F7C, 0x7F80, 0x7F84, 0x7F88, 0x7F8C, 0x7F90, 0x7F94, 0x7F98, 0x7F9C, 0x7FA0, 0x7FA4,
            0x7FA8, 0x7FAC, 0x7FB0, 0x7FB4, 0x7FB8, 0x7FBC, 0x7FC0, 0x7FC4, 0x7FC8, 0x7FCC, 0x7FD0, 0x7FD4, 0x7FD8,
            0x7FDC, 0x7FE0, 0x7FE4, 0x7FE8, 0x7FEC, 0x7FF0, 0x7FF4, 0x7FF8, 0x7FFC, 0x8000, 0x8004, 0x8008, 0x800C,
            0x8010, 0x8014, 0x8018, 0x801C, 0x8020, 0x8024, 0x8028, 0x802C, 0x8030, 0x8034, 0x8038, 0x803C, 0x8040,
            0x8044, 0x8048, 0x804C, 0x8050, 0x8054, 0x8058, 0x805C, 0x8060, 0x8064, 0x8068, 0x806C, 0x8070, 0x8074,
            0x8078, 0x807C, 0x8080, 0x8084, 0x8088, 0x808C, 0x8090, 0x8094, 0x8098, 0x809C, 0x80A0, 0x80A5, 0x80AA,
            0x80AF, 0x80B3, 0x80B7, 0x80BB, 0x80C0, 0x80C5, 0x80CA, 0x80CE, 0x80D2, 0x80E4, 0x80F6, 0x8108, 0x811F,
            0x8136, 0x8148, 0x815A, 0x816C, 0x817E, 0x8190, 0x81A2, 0x81B4, 0x81BD, 0x81C6, 0x81D1, 0x81DC, 0x81E7,
            0x81F2, 0x81FD, 0x8208, 0x8213, 0x821E, 0x8229, 0x8234, 0x823D, 0x8246, 0x824F, 0x8258, 0x8261, 0x826A,
            0x8273, 0x827C, 0x8285, 0x828E, 0x8297, 0x82A0, 0x82A9, 0x82B2, 0x82BB, 0x82C4, 0x82CD, 0x82D6, 0x82DF,
            0x82E8, 0x82F1, 0x82FA, 0x8303, 0x830C, 0x8315, 0x831E, 0x8327, 0x8330, 0x8339, 0x8342, 0x834B, 0x8354,
            0x8366, 0x8375, 0x8381, 0x8390, 0x839C, 0x83AA, 0x83B7, 0x83C6, 0x83D2, 0x83E0, 0x83ED, 0x83FC, 0x8408,
            0x8416, 0x8423, 0x8432, 0x843E, 0x844C, 0x8459, 0x8468, 0x8474, 0x8482, 0x848F, 0x849E, 0x84AA, 0x84B8,
            0x84C5, 0x84D4, 0x84E0, 0x84EE, 0x84FB, 0x850A, 0x8516, 0x8524, 0x8531, 0x8540, 0x854C, 0x855A, 0x8567,
            0x8576, 0x8582, 0x8590, 0x859D, 0x85AC, 0x85B8, 0x85C6, 0x85D3, 0x85E2, 0x85EE, 0x85FC, 0x8609, 0x8618,
            0x8624, 0x8633, 0x863F, 0x864E, 0x865A, 0x8669, 0x8675, 0x8684, 0x8690, 0x869F, 0x86AB, 0x86BA, 0x86C6,
            0x86D4, 0x86E1, 0x86F0, 0x86FC, 0x870A, 0x8717, 0x8726, 0x8732, 0x8740, 0x874D, 0x875C, 0x8768, 0x8776,
            0x8783, 0x8792, 0x879E, 0x87AD, 0x87B9, 0x87C7, 0x87D4, 0x87E3, 0x87EF, 0x87FE, 0x880A, 0x8818, 0x8825,
            0x8834, 0x8840, 0x884E, 0x885B, 0x886A, 0x8876, 0x8885, 0x8891, 0x88A0, 0x88AC, 0x88BA, 0x88C7, 0x88D6,
            0x88E2, 0x88F1, 0x88FD, 0x890C, 0x8918, 0x8927, 0x8936, 0x8942, 0x8951, 0x895D, 0x896C, 0x8978, 0x8987,
            0x8993, 0x89A1, 0x89AE, 0x89BC, 0x89C9, 0x89DD, 0x89EE, 0x8A02, 0x8A13, 0x8A27, 0x8A38, 0x8A4C, 0x8A5D,
            0x8A71, 0x8A82, 0x8A96, 0x8AA7, 0x8ABB, 0x8ACC, 0x8ADF, 0x8AF3, 0x8B04, 0x8B17, 0x8B26, 0x8B32, 0x8B40,
            0x8B4D, 0x8B61, 0x8B75, 0x8B89, 0x8B9D, 0x8BB1, 0x8BC5, 0x8BD9, 0x8BED, 0x8C01, 0x8C15, 0x8C29, 0x8C3D,
            0x8C51, 0x8C65, 0x8C79, 0x8C8D, 0x8CA1, 0x8CB5, 0x8CC9, 0x8CDD, 0x8CF1, 0x8D05, 0x8D19, 0x8D2D, 0x8D41,
            0x8D55, 0x8D69, 0x8D7D, 0x8D91, 0x8DA5, 0x8DB9, 0x8DCD, 0x8DE1, 0x8DF5, 0x8E09, 0x8E1D, 0x8E31, 0x8E45,
            0x8E59, 0x8E6D, 0x8E81, 0x8E95, 0x8EA9, 0x8EBD, 0x8ED1, 0x8EE5, 0x8EF9, 0x8F0D, 0x8F21, 0x8F35, 0x8F49,
            0x8F5D, 0x8F71, 0x8F85, 0x8F99, 0x8FAD, 0x8FC1, 0x8FD5, 0x8FE9, 0x8FFD, 0x9011, 0x9025, 0x9039, 0x904D,
            0x9061, 0x9075, 0x9089, 0x909D, 0x90B1, 0x90C5, 0x90D9, 0x90ED, 0x9101, 0x9115, 0x9129, 0x913D, 0x9151,
            0x9165, 0x9179, 0x918D, 0x91A1, 0x91B5, 0x91C9, 0x91DD, 0x91F1, 0x9205, 0x9219, 0x922D, 0x9241, 0x9255,
            0x9269, 0x927D, 0x9291, 0x92A5, 0x92BE, 0x92D7, 0x92F0, 0x9309, 0x9322, 0x933B, 0x934C, 0x935D, 0x936E,
            0x937F, 0x9390, 0x93A1, 0x93B2, 0x93C3, 0x93D4, 0x93E5, 0x93F6, 0x9407, 0x9418, 0x9429, 0x943A, 0x944B,
            0x945C, 0x946D, 0x947E, 0x948F, 0x94A0, 0x94B1, 0x94C2, 0x94D3, 0x94E4, 0x94F5, 0x9506, 0x9517, 0x9528,
            0x9539, 0x954A, 0x955B, 0x956C, 0x957D, 0x958E, 0x959F, 0x95B0, 0x95C1, 0x95D2, 0x95E3, 0x95F4, 0x9605,
            0x9616, 0x9627, 0x9638, 0x9649, 0x965A, 0x966B, 0x967C, 0x968D, 0x969E, 0x96B1, 0x96C4, 0x96D7, 0x96EA,
            0x96FD, 0x9710, 0x9723, 0x9736, 0x9749, 0x975C, 0x976F, 0x9782, 0x9795, 0x97A8, 0x97BB, 0x97CE, 0x97E1,
            0x97F4, 0x9807, 0x981A, 0x982D, 0x9840, 0x9853, 0x9866, 0x9879, 0x988C, 0x989F, 0x98B2, 0x98C5, 0x98D8,
            0x98EB, 0x98FE, 0x9911, 0x9924, 0x9937, 0x994A, 0x995D, 0x9970, 0x9983, 0x9996, 0x99A9, 0x99BC, 0x99CF,
            0x99E2, 0x99F5, 0x9A08, 0x9A1B, 0x9A2E, 0x9A41, 0x9A54, 0x9A67, 0x9A7A, 0x9A8D, 0x9AA0, 0x9AB3, 0x9AC6,
            0x9AD9, 0x9AEC, 0x9AFF, 0x9B12, 0x9B25, 0x9B38, 0x9B4B, 0x9B5E, 0x9B71, 0x9B84, 0x9B97, 0x9BAA, 0x9BBD,
            0x9BD0, 0x9BE3, 0x9BF6, 0x9C08, 0x9C1A, 0x9C2C, 0x9C3E, 0x9C50, 0x9C62, 0x9C74, 0x9C86, 0x9C98, 0x9CAA,
            0x9CBC, 0x9CCE, 0x9CE0, 0x9CF2, 0x9D04, 0x9D16, 0x9D28, 0x9D3A, 0x9D4C, 0x9D63, 0x9D7A, 0x9D91, 0x9DA5,
            0x9DB9, 0x9DCD, 0x9DE1, 0x9DF5, 0x9E09, 0x9E1D, 0x9E31, 0x9E45, 0x9E59, 0x9E6D, 0x9E81, 0x9E95, 0x9EA9,
            0x9EBD, 0x9ED1, 0x9EE5, 0x9EF9, 0x9F0D, 0x9F21, 0x9F35, 0x9F49, 0x9F5D, 0x9F71, 0x9F85, 0x9F99, 0x9FAD,
            0x9FC1, 0x9FD2, 0x9FE3, 0x9FF4, 0xA005, 0xA016, 0xA027, 0xA038, 0xA049, 0xA05A, 0xA06B, 0xA07C, 0xA08D,
            0xA09E, 0xA0AF, 0xA0C0, 0xA0D1, 0xA0E2, 0xA0F3, 0xA104, 0xA115, 0xA126, 0xA137, 0xA148, 0xA159, 0xA16A,
            0xA17B, 0xA18C, 0xA19D, 0xA1B0, 0xA1C3, 0xA1D6, 0xA1E9, 0xA1FC, 0xA20F, 0xA222, 0xA234, 0xA246, 0xA258,
            0xA26A, 0xA27C, 0xA28E, 0xA2A0, 0xA2B2, 0xA2C3, 0xA2D7, 0xA2EF, 0xA305, 0xA31D, 0xA335, 0xA34D, 0xA365,
            0xA37D, 0xA395, 0xA3AB, 0xA3C3, 0xA3D9, 0xA3EF, 0xA407, 0xA41F, 0xA435, 0xA44B, 0xA463, 0xA47B, 0xA491,
            0xA4A9, 0xA4BF, 0xA4D7, 0xA4ED, 0xA503, 0xA51B, 0xA531, 0xA547, 0xA55F, 0xA575, 0xA58D, 0xA5A3, 0xA5B9,
            0xA5D1, 0xA5E7, 0xA5FF, 0xA617, 0xA62D, 0xA643, 0xA659, 0xA671, 0xA687, 0xA69D, 0xA6B3, 0xA6C9, 0xA6DF,
            0xA6F7, 0xA70D, 0xA723, 0xA739, 0xA74F, 0xA765, 0xA77D, 0xA793, 0xA7A9, 0xA7C1, 0xA7D7, 0xA7EF, 0xA807,
            0xA81F, 0xA835, 0xA84D, 0xA865, 0xA87D, 0xA895, 0xA8AD, 0xA8C5, 0xA8DD, 0xA8F5, 0xA90B, 0xA921, 0xA939,
            0xA94F, 0xA965, 0xA97B, 0xA991, 0xA9A9, 0xA9BF, 0xA9D5, 0xA9EB, 0xAA01, 0xAA17, 0xAA2D, 0xAA43, 0xAA59,
            0xAA6F, 0xAA85, 0xAA9B, 0xAAB1, 0xAAC7, 0xAADD, 0xAAF3, 0xAB09, 0xAB1F, 0xAB35, 0xAB4B, 0xAB61, 0xAB77,
            0xAB8D, 0xABA5, 0xABBD, 0xABD3, 0xABE9, 0xAC01, 0xAC17, 0xAC2F, 0xAC45, 0xAC5B, 0xAC71, 0xAC87, 0xAC9D,
            0xACB3, 0xACC9, 0xACDF, 0xACF7, 0xAD0F, 0xAD27, 0xAD3D, 0xAD53, 0xAD6C, 0xAD85, 0xADA3, 0xADC1, 0xADDF,
            0xADFD, 0xAE1B, 0xAE39, 0xAE57, 0xAE70, 0xAED4, 0xAF06, 0xAF24, 0xAF33, 0xAF42, 0xAF51, 0xAF60, 0xAF6F,
            0xAF7E, 0xAF8D, 0xAF9C, 0xAFAB, 0xAFBA, 0xAFC9, 0xAFD8, 0xAFE7, 0xAFF6, 0xB005, 0xB014, 0xB023, 0xB032,
            0xB041, 0xB050, 0xB05F, 0xB06E, 0xB07D, 0xB08C, 0xB09B, 0xB0AA, 0xB0B9, 0xB0C8, 0xB0D7, 0xB0E6, 0xB0F5,
            0xB104, 0xB113, 0xB120, 0xB12D, 0xB13A, 0xB147, 0xB154, 0xB161, 0xB16E, 0xB17A, 0xB186, 0xB192, 0xB19E,
            0xB1AA, 0xB1B6, 0xB1C2, 0xB1CE, 0xB1DA, 0xB1E6, 0xB1F2, 0xB1FE, 0xB20A, 0xB216, 0xB222, 0xB22E, 0xB23A,
            0xB246, 0xB252, 0xB25E, 0xB26A, 0xB276, 0xB282, 0xB28E, 0xB29A, 0xB2A6, 0xB2BA, 0xB2CC, 0xB2E0, 0xB2F4,
            0xB308, 0xB31A, 0xB32E, 0xB340, 0xB354, 0xB366, 0xB37A, 0xB38C, 0xB3A0, 0xB3B2, 0xB3C1, 0xB3D0, 0xB3DC,
            0xB3EB, 0xB3F7, 0xB406, 0xB412, 0xB421, 0xB42D, 0xB43C, 0xB448, 0xB456, 0xB463, 0xB472, 0xB47E, 0xB48D,
            0xB499, 0xB4A7, 0xB4B4, 0xB4C3, 0xB4CF, 0xB4DE, 0xB4EA, 0xB4F8, 0xB505, 0xB514, 0xB520, 0xB52E, 0xB53B,
            0xB54A, 0xB556, 0xB564, 0xB571, 0xB580, 0xB58C, 0xB59A, 0xB5A7, 0xB5B6, 0xB5C2, 0xB5D0, 0xB5DD, 0xB5EC,
            0xB5F8, 0xB607, 0xB613, 0xB622, 0xB62E, 0xB63D, 0xB649, 0xB658, 0xB664, 0xB672, 0xB67F, 0xB68E, 0xB69A,
            0xB6A8, 0xB6B5, 0xB6C4, 0xB6D0, 0xB6DE, 0xB6EB, 0xB6FA, 0xB706, 0xB714, 0xB721, 0xB730, 0xB73C, 0xB74A,
            0xB757, 0xB766, 0xB772, 0xB780, 0xB78D, 0xB79C, 0xB7A8, 0xB7B6, 0xB7C3, 0xB7D2, 0xB7DE, 0xB7EC, 0xB7F9,
            0xB808, 0xB814, 0xB822, 0xB82F, 0xB83E, 0xB84A, 0xB858, 0xB865, 0xB874, 0xB880, 0xB88E, 0xB89B, 0xB8AA,
            0xB8B6, 0xB8C4, 0xB8D1, 0xB8E0, 0xB8EC, 0xB8FA, 0xB907, 0xB916, 0xB922, 0xB930, 0xB93D, 0xB94C, 0xB958,
            0xB966, 0xB973, 0xB982, 0xB98E, 0xB99D, 0xB9A9, 0xB9B8, 0xB9C4, 0xB9D2, 0xB9DF, 0xB9F3, 0xBA04, 0xBA18,
            0xBA29, 0xBA3D, 0xBA4E, 0xBA62, 0xBA73, 0xBA7E, 0xBA89, 0xBA94, 0xBA9F, 0xBAAA, 0xBAB5, 0xBAC0, 0xBACB,
            0xBAD6, 0xBAE1, 0xBAEC, 0xBAF7, 0xBB02, 0xBB0D, 0xBB18, 0xBB23, 0xBB2E, 0xBB39, 0xBB44, 0xBB4F, 0xBB5A,
            0xBB65, 0xBB70, 0xBB7B, 0xBB86, 0xBB91, 0xBB9C, 0xBBA7, 0xBBB2, 0xBBBD, 0xBBC8, 0xBBD3, 0xBBDE, 0xBBE9,
            0xBBF4, 0xBBFF, 0xBC0A, 0xBC15, 0xBC20, 0xBC2B, 0xBC36, 0xBC41, 0xBC4C, 0xBC57, 0xBC62, 0xBC6D, 0xBC78,
            0xBC83, 0xBC8E, 0xBC99, 0xBCA4, 0xBCAF, 0xBCBA, 0xBCC5, 0xBCD0, 0xBCDB, 0xBCE6, 0xBCF1, 0xBCFC, 0xBD07,
            0xBD12, 0xBD1D, 0xBD28, 0xBD33, 0xBD3E, 0xBD49, 0xBD54, 0xBD5F, 0xBD6A, 0xBD75, 0xBD80, 0xBD8B, 0xBD96,
            0xBDA1, 0xBDAC, 0xBDB7, 0xBDC2, 0xBDCD, 0xBDD8, 0xBDE3, 0xBDEE, 0xBDF9, 0xBE04, 0xBE0F, 0xBE1A, 0xBE25,
            0xBE30, 0xBE3B, 0xBE46, 0xBE51, 0xBE5C, 0xBE67, 0xBE72, 0xBE7D, 0xBE88, 0xBE93, 0xBEA0, 0xBEAD, 0xBEBA,
            0xBEC7, 0xBED4, 0xBEE1, 0xBEEE, 0xBEFB, 0xBF08, 0xBF15, 0xBF22, 0xBF2F, 0xBF3C, 0xBF49, 0xBF56, 0xBF63,
            0xBF70, 0xBF7D, 0xBF8A, 0xBF97, 0xBFA4, 0xBFB1, 0xBFBE, 0xBFCB, 0xBFD8, 0xBFE5, 0xBFF2, 0xBFFF, 0xC00C,
            0xC019, 0xC026, 0xC033, 0xC040, 0xC04D, 0xC05A, 0xC067, 0xC074, 0xC081, 0xC08E, 0xC09B, 0xC0A8, 0xC0B5,
            0xC0C2, 0xC0CF, 0xC0DC, 0xC0E9, 0xC0F6, 0xC103, 0xC110, 0xC11D, 0xC12A, 0xC137, 0xC144, 0xC151, 0xC15E,
            0xC16B, 0xC178, 0xC185, 0xC192, 0xC19F, 0xC1AC, 0xC1B9, 0xC1C6, 0xC1D3, 0xC1E0, 0xC1ED, 0xC1FA, 0xC207,
            0xC214, 0xC221, 0xC22E, 0xC23B, 0xC248, 0xC255, 0xC262, 0xC26F, 0xC27C, 0xC289, 0xC296, 0xC2A3, 0xC2B0,
            0xC2BD, 0xC2CA, 0xC2D7, 0xC2E4, 0xC2F1, 0xC2FE, 0xC30B, 0xC318, 0xC325, 0xC332, 0xC33F, 0xC34C, 0xC359,
            0xC366, 0xC373, 0xC380, 0xC38D, 0xC39A, 0xC3A7, 0xC3B4, 0xC3C1, 0xC3CE, 0xC3DB, 0xC3E8, 0xC3F5, 0xC402,
            0xC40F, 0xC41C, 0xC429, 0xC436, 0xC443, 0xC450, 0xC45D, 0xC46A, 0xC475, 0xC480, 0xC48B, 0xC496, 0xC4A1,
            0xC4AC, 0xC4B7, 0xC4C4, 0xC4D1, 0xC4DE, 0xC4EB, 0xC4F8, 0xC505, 0xC512, 0xC51C, 0xC526, 0xC532, 0xC53E,
            0xC54A, 0xC556, 0xC562, 0xC56E, 0xC57A, 0xC586, 0xC592, 0xC59E, 0xC5AA, 0xC5B6, 0xC5C2, 0xC5CE, 0xC5DA,
            0xC5E6, 0xC5F2, 0xC5FE, 0xC60A, 0xC616, 0xC622, 0xC62E, 0xC63A, 0xC646, 0xC652, 0xC65E, 0xC66B, 0xC677,
            0xC683, 0xC690, 0xC69C, 0xC6A9, 0xC6B5, 0xC6C1, 0xC6CD, 0xC6D9, 0xC6E5, 0xC6F2, 0xC6FE, 0xC70A, 0xC716,
            0xC722, 0xC72E, 0xC73A, 0xC746, 0xC752, 0xC75E, 0xC76A, 0xC776, 0xC782, 0xC78E, 0xC79A, 0xC7A6, 0xC7B2,
            0xC7BF, 0xC7CC, 0xC7D7, 0xC7E2, 0xC7ED, 0xC7F8, 0xC803, 0xC80E, 0xC819, 0xC824, 0xC82F, 0xC83A, 0xC845,
            0xC850, 0xC85B, 0xC866, 0xC871, 0xC87C, 0xC887, 0xC892, 0xC89D, 0xC8A8, 0xC8B3, 0xC8BE, 0xC8C9, 0xC8D4,
            0xC8DF, 0xC8EA, 0xC8F5, 0xC900, 0xC90B, 0xC916, 0xC921, 0xC92C, 0xC937, 0xC942, 0xC94D, 0xC958, 0xC963,
            0xC96E, 0xC979, 0xC984, 0xC98F, 0xC99A, 0xC9A5, 0xC9B0, 0xC9BB, 0xC9C6, 0xC9D1, 0xC9DC, 0xC9E7, 0xC9F2,
            0xC9FD, 0xCA08, 0xCA13, 0xCA1E, 0xCA29, 0xCA34, 0xCA3F, 0xCA4A, 0xCA55, 0xCA60, 0xCA6B, 0xCA76, 0xCA81,
            0xCA8C, 0xCA97, 0xCAA2, 0xCAAD, 0xCAB8, 0xCAC3, 0xCACE, 0xCAD9, 0xCAE4, 0xCAEF, 0xCAFA, 0xCB05, 0xCB10,
            0xCB1B, 0xCB26, 0xCB31, 0xCB3C, 0xCB47, 0xCB52, 0xCB5D, 0xCB68, 0xCB73, 0xCB7E, 0xCB89, 0xCB94, 0xCB9F,
            0xCBAA, 0xCBB5, 0xCBC0, 0xCBCB, 0xCBD6, 0xCBE1, 0xCBEC, 0xCBF7, 0xCC02, 0xCC0D, 0xCC18, 0xCC23, 0xCC2E,
            0xCC39, 0xCC44, 0xCC4F, 0xCC5A, 0xCC65, 0xCC70, 0xCC7B, 0xCC86, 0xCC91, 0xCC9C, 0xCCA7, 0xCCB2, 0xCCBD,
            0xCCC8, 0xCCD3, 0xCCDE, 0xCCE9, 0xCCF4, 0xCCFF, 0xCD0A, 0xCD15, 0xCD20, 0xCD2B, 0xCD36, 0xCD41, 0xCD4C,
            0xCD57, 0xCD62, 0xCD6D, 0xCD78, 0xCD83, 0xCD8E, 0xCD99, 0xCDA4, 0xCDAF, 0xCDBA, 0xCDC5, 0xCDD0, 0xCDDB,
            0xCDE6, 0xCDF1, 0xCDFC, 0xCE07, 0xCE12, 0xCE1D, 0xCE28, 0xCE33, 0xCE3E, 0xCE49, 0xCE54, 0xCE5F, 0xCE6A,
            0xCE75, 0xCE80, 0xCE8B, 0xCE96, 0xCEA1, 0xCEAC, 0xCEB7, 0xCEC2, 0xCECD, 0xCED8, 0xCEE3, 0xCEEE, 0xCEF9,
            0xCF04, 0xCF0F, 0xCF1A, 0xCF25, 0xCF30, 0xCF3B, 0xCF46, 0xCF51, 0xCF5C, 0xCF67, 0xCF72, 0xCF7D, 0xCF88,
            0xCF93, 0xCF9E, 0xCFA9, 0xCFB4, 0xCFBF, 0xCFCA, 0xCFD5, 0xCFE0, 0xCFEB, 0xCFF6, 0xD001, 0xD00C, 0xD017,
            0xD022, 0xD02D, 0xD038, 0xD043, 0xD04E, 0xD059, 0xD064, 0xD06F, 0xD07A, 0xD085, 0xD090, 0xD09B, 0xD0A6,
            0xD0B1, 0xD0BC, 0xD0C7, 0xD0D2, 0xD0DD, 0xD0E8, 0xD0F3, 0xD0FE, 0xD109, 0xD114, 0xD11F, 0xD12A, 0xD135,
            0xD140, 0xD14B, 0xD156, 0xD161, 0xD16C, 0xD177, 0xD182, 0xD18D, 0xD198, 0xD1A3, 0xD1AE, 0xD1B9, 0xD1C4,
            0xD1CF, 0xD1DA, 0xD1E5, 0xD1F0, 0xD1FB, 0xD206, 0xD211, 0xD21C, 0xD227, 0xD232, 0xD23D, 0xD248, 0xD253,
            0xD25E, 0xD269, 0xD274, 0xD27F, 0xD28A, 0xD295, 0xD2A0, 0xD2AB, 0xD2B6, 0xD2C1, 0xD2CC, 0xD2D7, 0xD2E2,
            0xD2ED, 0xD2F8, 0xD303, 0xD30E, 0xD319, 0xD324, 0xD32F, 0xD33A, 0xD345, 0xD350, 0xD35B, 0xD366, 0xD371,
            0xD37C, 0xD387, 0xD392, 0xD39D, 0xD3A8, 0xD3B3, 0xD3BE, 0xD3C9, 0xD3D4, 0xD3DF, 0xD3EA, 0xD3F5, 0xD400,
            0xD40B, 0xD416, 0xD421, 0xD42C, 0xD437, 0xD442, 0xD44D, 0xD458, 0xD463, 0xD46E, 0xD479, 0xD484, 0xD48F,
            0xD49A, 0xD4A5, 0xD4B0, 0xD4BB, 0xD4C6, 0xD4D1, 0xD4DC, 0xD4E7, 0xD4F2, 0xD4FD, 0xD508, 0xD513, 0xD51E,
            0xD529, 0xD534, 0xD53F, 0xD54A, 0xD555, 0xD560, 0xD56B, 0xD576, 0xD581, 0xD58C, 0xD597, 0xD5A2, 0xD5AD,
            0xD5B8, 0xD5C3, 0xD5CE, 0xD5D9, 0xD5E4, 0xD5EF, 0xD5FA, 0xD605, 0xD610, 0xD61B, 0xD626, 0xD631, 0xD63C,
            0xD647, 0xD652, 0xD65D, 0xD668, 0xD673, 0xD67E, 0xD689, 0xD694, 0xD69F, 0xD6AA, 0xD6B5, 0xD6C0, 0xD6CB,
            0xD6D6, 0xD6E1, 0xD6EC, 0xD6F7, 0xD702, 0xD70D, 0xD718, 0xD723, 0xD72E, 0xD739, 0xD744, 0xD74F, 0xD75A,
            0xD765, 0xD770, 0xD77B, 0xD786, 0xD791, 0xD79C, 0xD7A7, 0xD7B2, 0xD7BD, 0xD7C8, 0xD7D3, 0xD7DE, 0xD7E9,
            0xD7F4, 0xD7FF, 0xD80A, 0xD815, 0xD820, 0xD82B, 0xD836, 0xD841, 0xD84C, 0xD857, 0xD862, 0xD86D, 0xD878,
            0xD883, 0xD88E, 0xD899, 0xD8A4, 0xD8AF, 0xD8BA, 0xD8C5, 0xD8D0, 0xD8DB, 0xD8E6, 0xD8F1, 0xD8FC, 0xD907,
            0xD912, 0xD91D, 0xD928, 0xD933, 0xD93E, 0xD949, 0xD954, 0xD95F, 0xD96A, 0xD975, 0xD980, 0xD98B, 0xD996,
            0xD9A1, 0xD9AC, 0xD9B7, 0xD9C2, 0xD9CD, 0xD9D8, 0xD9E3, 0xD9EE, 0xD9F9, 0xDA04, 0xDA0F, 0xDA1A, 0xDA25,
            0xDA30, 0xDA3B, 0xDA46, 0xDA51, 0xDA5C, 0xDA67, 0xDA72, 0xDA7D, 0xDA88, 0xDA93, 0xDA9E, 0xDAA9, 0xDAB4,
            0xDABF, 0xDACA, 0xDAD5, 0xDAE0, 0xDAEB, 0xDAF6, 0xDB01, 0xDB0C, 0xDB17, 0xDB22, 0xDB2D, 0xDB38, 0xDB43,
            0xDB4E, 0xDB59, 0xDB64, 0xDB6F, 0xDB7A, 0xDB85, 0xDB90, 0xDB9B, 0xDBA6, 0xDBB1, 0xDBBC, 0xDBC7, 0xDBD2,
            0xDBDD, 0xDBE8, 0xDBF3, 0xDBFE, 0xDC09, 0xDC14, 0xDC1F, 0xDC2A, 0xDC35, 0xDC40, 0xDC4B, 0xDC56, 0xDC61,
            0xDC6C, 0xDC77, 0xDC82, 0xDC8D, 0xDC98, 0xDCA3, 0xDCAE, 0xDCB9, 0xDCC4, 0xDCCF, 0xDCDA, 0xDCE5, 0xDCF0,
            0xDCFB, 0xDD06, 0xDD11, 0xDD1C, 0xDD27, 0xDD32, 0xDD3D, 0xDD48, 0xDD53, 0xDD5E, 0xDD69, 0xDD74, 0xDD7F,
            0xDD8A, 0xDD95, 0xDDA0, 0xDDAB, 0xDDB6, 0xDDC1, 0xDDCC, 0xDDD7, 0xDDE2, 0xDDED, 0xDDF8, 0xDE03, 0xDE0E,
            0xDE19, 0xDE24, 0xDE2F, 0xDE3A, 0xDE45, 0xDE50, 0xDE5B, 0xDE66, 0xDE71, 0xDE7C, 0xDE87, 0xDE92, 0xDE9D,
            0xDEA8, 0xDEB3, 0xDEBE, 0xDEC9, 0xDED4, 0xDEDF, 0xDEEA, 0xDEF5, 0xDF00, 0xDF0B, 0xDF16, 0xDF21, 0xDF2C,
            0xDF37, 0xDF42, 0xDF4D, 0xDF58, 0xDF63, 0xDF6E, 0xDF79, 0xDF84, 0xDF8F, 0xDF9A, 0xDFA5, 0xDFB0, 0xDFBB,
            0xDFC6, 0xDFD1, 0xDFDC, 0xDFE7, 0xDFF2, 0xDFFD, 0xE008, 0xE013, 0xE01E, 0xE029, 0xE034, 0xE03F, 0xE04A,
            0xE055, 0xE060, 0xE06B, 0xE076, 0xE081, 0xE08C, 0xE097, 0xE0A2, 0xE0AD, 0xE0B8, 0xE0C3, 0xE0CE, 0xE0D9,
            0xE0E4, 0xE0EF, 0xE0FA, 0xE105, 0xE110, 0xE11B, 0xE126, 0xE131, 0xE13C, 0xE147, 0xE152, 0xE15D, 0xE168,
            0xE173, 0xE17E, 0xE189, 0xE194, 0xE19F, 0xE1AA, 0xE1B5, 0xE1C0, 0xE1CB, 0xE1D6, 0xE1E1, 0xE1EC, 0xE1F7,
            0xE202, 0xE20D, 0xE218, 0xE223, 0xE22E, 0xE239, 0xE244, 0xE24F, 0xE25A, 0xE265, 0xE270, 0xE27B, 0xE286,
            0xE291, 0xE29C, 0xE2A7, 0xE2B2, 0xE2BD, 0xE2C8, 0xE2D3, 0xE2DE, 0xE2E9, 0xE2F4, 0xE2FF, 0xE30A, 0xE315,
            0xE320, 0xE32B, 0xE336, 0xE341, 0xE34C, 0xE357, 0xE362, 0xE36D, 0xE378, 0xE383, 0xE38E, 0xE399, 0xE3A4,
            0xE3AF, 0xE3BA, 0xE3C5, 0xE3D0, 0xE3DB, 0xE3E6, 0xE3F1, 0xE3FC, 0xE407, 0xE412, 0xE41D, 0xE428, 0xE433,
            0xE43E, 0xE449, 0xE454, 0xE45F, 0xE46A, 0xE475, 0xE480, 0xE48B, 0xE496, 0xE4A1, 0xE4AC, 0xE4B7, 0xE4C2,
            0xE4CD, 0xE4D8, 0xE4E3, 0xE4EE, 0xE4F9, 0xE504, 0xE50F, 0xE51A, 0xE525, 0xE530, 0xE53B, 0xE546, 0xE551,
            0xE55C, 0xE567, 0xE572, 0xE57D, 0xE588, 0xE593, 0xE59E, 0xE5A9, 0xE5B4, 0xE5BF, 0xE5CA, 0xE5D5, 0xE5E0,
            0xE5EB, 0xE5F6, 0xE601, 0xE60C, 0xE617, 0xE622, 0xE62D, 0xE638, 0xE643, 0xE64E, 0xE659, 0xE664, 0xE66F,
            0xE67A, 0xE685, 0xE690, 0xE69B, 0xE6A6, 0xE6B1, 0xE6BC, 0xE6C7, 0xE6D2, 0xE6DD, 0xE6E8, 0xE6F3, 0xE6FE,
            0xE709, 0xE714, 0xE71F, 0xE72A, 0xE735, 0xE740, 0xE74B, 0xE756, 0xE761, 0xE76C, 0xE777, 0xE782, 0xE78D,
            0xE798, 0xE7A3, 0xE7AE, 0xE7B9, 0xE7C4, 0xE7CF, 0xE7DA, 0xE7E5, 0xE7F0, 0xE7FB, 0xE806, 0xE811, 0xE81C,
            0xE827, 0xE832, 0xE83D, 0xE848, 0xE853, 0xE85E, 0xE869, 0xE874, 0xE87F, 0xE88A, 0xE895, 0xE8A0, 0xE8AB,
            0xE8B6, 0xE8C1, 0xE8CC, 0xE8D7, 0xE8E2, 0xE8ED, 0xE8F8, 0xE903, 0xE90E, 0xE919, 0xE924, 0xE92F, 0xE93A,
            0xE945, 0xE950, 0xE95B, 0xE966, 0xE971, 0xE97C, 0xE987, 0xE992, 0xE99D, 0xE9A8, 0xE9B3, 0xE9BE, 0xE9C9,
            0xE9D4, 0xE9DF, 0xE9EA, 0xE9F5, 0xEA00, 0xEA0B, 0xEA16, 0xEA21, 0xEA2C, 0xEA37, 0xEA42, 0xEA4D, 0xEA58,
            0xEA63, 0xEA6E, 0xEA79, 0xEA84, 0xEA8F, 0xEA9A, 0xEAA5, 0xEAB0, 0xEABB, 0xEAC6, 0xEAD1, 0xEADC, 0xEAE7,
            0xEAF2, 0xEAFD, 0xEB08, 0xEB13, 0xEB1E, 0xEB29, 0xEB34, 0xEB3F, 0xEB4A, 0xEB55, 0xEB60, 0xEB6B, 0xEB76,
            0xEB81, 0xEB8C, 0xEB97, 0xEBA2, 0xEBAD, 0xEBB8, 0xEBC3, 0xEBCE, 0xEBD9, 0xEBE4, 0xEBEF, 0xEBFA, 0xEC05,
            0xEC10, 0xEC1B, 0xEC26, 0xEC31, 0xEC3C, 0xEC47, 0xEC52, 0xEC5D, 0xEC68, 0xEC73, 0xEC7E, 0xEC89, 0xEC94,
            0xEC9F, 0xECAA, 0xECB5, 0xECC0, 0xECCB, 0xECD6, 0xECE1, 0xECEC, 0xECF7, 0xED02, 0xED0D, 0xED18, 0xED23,
            0xED2E, 0xED39, 0xED44, 0xED4F, 0xED5A, 0xED65, 0xED70, 0xED7B, 0xED86, 0xED91, 0xED9C, 0xEDA7, 0xEDB2,
            0xEDBD, 0xEDC8, 0xEDD3, 0xEDDE, 0xEDE9, 0xEDF4, 0xEDFF, 0xEE0A, 0xEE15, 0xEE20, 0xEE2B, 0xEE36, 0xEE41,
            0xEE4C, 0xEE57, 0xEE62, 0xEE6D, 0xEE78, 0xEE83, 0xEE8E, 0xEE99, 0xEEA4, 0xEEAF, 0xEEBA, 0xEEC5, 0xEED0,
            0xEEDB, 0xEEE6, 0xEEF1, 0xEEFC, 0xEF07, 0xEF12, 0xEF1D, 0xEF28, 0xEF33, 0xEF3E, 0xEF49, 0xEF54, 0xEF5F,
            0xEF6A, 0xEF75, 0xEF80, 0xEF8B, 0xEF96, 0xEFA1, 0xEFAC, 0xEFB7, 0xEFC2, 0xEFCD, 0xEFD8, 0xEFE3, 0xEFEE,
            0xEFF9, 0xF004, 0xF00F, 0xF01A, 0xF025, 0xF030, 0xF03B, 0xF046, 0xF051, 0xF05C, 0xF067, 0xF072, 0xF07D,
            0xF088, 0xF093, 0xF09E, 0xF0A9, 0xF0B4, 0xF0BF, 0xF0CA, 0xF0D5, 0xF0E0, 0xF0EB, 0xF0F6, 0xF101, 0xF10C,
            0xF117, 0xF122, 0xF12D, 0xF138, 0xF143, 0xF14E, 0xF159, 0xF164, 0xF16F, 0xF17A, 0xF185, 0xF190, 0xF19B,
            0xF1A6, 0xF1B1, 0xF1BC, 0xF1C7, 0xF1D2, 0xF1DD, 0xF1E8, 0xF1F3, 0xF1FE, 0xF209, 0xF214, 0xF21F, 0xF22A,
            0xF235, 0xF240, 0xF24B, 0xF256, 0xF261, 0xF26C, 0xF277, 0xF282, 0xF28D, 0xF298, 0xF2A3, 0xF2AE, 0xF2B9,
            0xF2C4, 0xF2CF, 0xF2DA, 0xF2E5, 0xF2F0, 0xF2FB, 0xF306, 0xF311, 0xF31C, 0xF327, 0xF332, 0xF33D, 0xF348,
            0xF353, 0xF35E, 0xF369, 0xF374, 0xF37F, 0xF38A, 0xF395, 0xF3A0, 0xF3AB, 0xF3B6, 0xF3C1, 0xF3CC, 0xF3D7,
            0xF3E2, 0xF3ED, 0xF3F8, 0xF403, 0xF40E, 0xF419, 0xF424, 0xF42F, 0xF43A, 0xF445, 0xF450, 0xF45B, 0xF466,
            0xF471, 0xF47C, 0xF487, 0xF492, 0xF49D, 0xF4A8, 0xF4B3, 0xF4BE, 0xF4C9, 0xF4D4, 0xF4DF, 0xF4EA, 0xF4F5,
            0xF500, 0xF50B, 0xF516, 0xF521, 0xF52C, 0xF537, 0xF542, 0xF54D, 0xF558, 0xF563, 0xF56E, 0xF579, 0xF584,
            0xF58F, 0xF59A, 0xF5A5, 0xF5B0, 0xF5BB, 0xF5C6, 0xF5D1, 0xF5DC, 0xF5E7, 0xF5F2, 0xF5FD, 0xF608, 0xF614,
            0xF620, 0xF62C, 0xF638, 0xF644, 0xF650, 0xF65C, 0xF668, 0xF674, 0xF680, 0xF68C, 0xF698, 0xF6A4, 0xF6B0,
            0xF6BC, 0xF6C8, 0xF6D4, 0xF6E0, 0xF6EC, 0xF6F8, 0xF704, 0xF710, 0xF71C, 0xF728, 0xF734, 0xF740, 0xF74C,
            0xF758, 0xF764, 0xF770, 0xF77C, 0xF788, 0xF794, 0xF79E, 0xF7A8, 0xF7B2, 0xF7BC, 0xF7C6, 0xF7D0, 0xF7DA,
            0xF7E4, 0xF7EE, 0xF7F8, 0xF802, 0xF80C, 0xF816, 0xF820, 0xF82A, 0xF834, 0xF83E, 0xF848, 0xF852, 0xF85C,
            0xF866, 0xF870, 0xF87A, 0xF884, 0xF88E, 0xF898, 0xF8A4, 0xF8B0, 0xF8BC, 0xF8C7, 0xF8D2, 0xF8DD, 0xF8E8,
            0xF8F3, 0xF8FE, 0xF909, 0xF914, 0xF91F, 0xF92A, 0xF935, 0xF940, 0xF94B, 0xF956, 0xF961, 0xF96C, 0xF977,
            0xF982, 0xF98D, 0xF998, 0xF9A3, 0xF9AE, 0xF9B9, 0xF9C4, 0xF9CF, 0xF9DA, 0xF9E5, 0xF9F0, 0xF9FB, 0xFA06,
            0xFA11, 0xFA1C, 0xFA27, 0xFA32, 0xFA3D, 0xFA48, 0xFA53, 0xFA5E, 0xFA69, 0xFA74, 0xFA7F, 0xFA8A, 0xFA95,
            0xFAA0, 0xFAAB, 0xFAB6, 0xFAC1, 0xFACC, 0xFAD7, 0xFAE2, 0xFAED, 0xFAF8, 0xFB03, 0xFB0E, 0xFB19, 0xFB24,
            0xFB2F, 0xFB3A, 0xFB45, 0xFB50, 0xFB5B, 0xFB66, 0xFB71, 0xFB7C, 0xFB87, 0xFB92, 0xFB9D, 0xFBA8, 0xFBB3,
            0xFBBE, 0xFBC9, 0xFBD4, 0xFBDF, 0xFBEA, 0xFBF5, 0xFC00, 0xFC0B, 0xFC16, 0xFC21, 0xFC2C, 0xFC37, 0xFC42,
            0xFC4D, 0xFC58, 0xFC63, 0xFC6E, 0xFC79, 0xFC84, 0xFC8F, 0xFC9A, 0xFCA5, 0xFCB0, 0xFCBB, 0xFCC6, 0xFCD1,
            0xFCDC, 0xFCE7, 0xFCF2, 0xFCFD, 0xFD08, 0xFD13, 0xFD1E, 0xFD29, 0xFD34, 0xFD3F, 0xFD4A, 0xFD55, 0xFD60,
            0xFD6B, 0xFD76, 0xFD81, 0xFD8C, 0xFD97, 0xFDA2, 0xFDAD, 0xFDB8, 0xFDC3, 0xFDCE, 0xFDD9, 0xFDE4, 0xFDEF,
            0xFDFA, 0xFE05, 0xFE10, 0xFE1B, 0xFE26, 0xFE31, 0xFE3C, 0xFE47, 0xFE52, 0xFE5D, 0xFE68, 0xFE73, 0xFE7E,
            0xFE89, 0xFE94, 0xFE9F, 0xFEAA, 0xFEB5, 0xFEC0, 0xFECB, 0xFEDD, 0xFEEF, 0xFF01, 0xFF13, 0xFF25, 0xFF37,
            0xFF49, 0xFF5B, 0xFF6D, 0xFF7F, 0xFF91, 0xFFA8, 0xFFBF, 0xFFD6, 0xFFED, 0x10004, 0x1001B, 0x10032,
            0x10049, 0x10060, 0x10077, 0x1008E, 0x100A5, 0x100BC, 0x100D3, 0x100EA, 0x10101, 0x10118, 0x1012F,
            0x10146, 0x1015D, 0x10174, 0x1018B, 0x101A2, 0x101B9, 0x101D0, 0x101E7, 0x101FE, 0x1020B, 0x10218,
            0x1022A, 0x1023C, 0x10249, 0x10256, 0x10263, 0x10270, 0x1027D, 0x1028A, 0x10297, 0x102A4, 0x102B1,
            0x102BE, 0x102CB, 0x102D8, 0x102E5, 0x102F2, 0x102FF, 0x1030C, 0x10319, 0x10326, 0x10333, 0x10340,
            0x1034D, 0x1035A, 0x10367, 0x10374, 0x10381, 0x1038E, 0x103A0, 0x103B2, 0x103C4, 0x103D6, 0x103ED,
            0x103FF, 0x10410, 0x10421, 0x10432, 0x10444, 0x10456, 0x10468, 0x10475, 0x10482, 0x1048F, 0x1049C,
            0x104A9, 0x104B6, 0x104C3, 0x104D0, 0x104DD, 0x104EA, 0x104F7, 0x10504, 0x10511, 0x1051E, 0x1052B,
            0x10538, 0x10545, 0x10552, 0x1055F, 0x1056C, 0x10579, 0x10586, 0x10593, 0x105A0, 0x105AD, 0x105BA,
            0x105C7, 0x105D4, 0x105E1, 0x105EE, 0x105FB, 0x10608, 0x10615, 0x10622, 0x1062F, 0x1063C, 0x10649,
            0x10656, 0x10663, 0x10670, 0x1067D, 0x1068A, 0x10697, 0x106A4, 0x106B1, 0x106C8, 0x106DF, 0x106F6,
            0x1070D, 0x10724, 0x1073B, 0x10752, 0x10769, 0x10780, 0x1078D, 0x1079A, 0x107A5, 0x107B0, 0x107BB,
            0x107C6, 0x107D1, 0x107DC, 0x107E7, 0x107F2, 0x107FD, 0x10808, 0x1080C, 0x10810, 0x10814, 0x10819,
            0x1081D, 0x10821, 0x10825, 0x10829, 0x1082D, 0x10831, 0x10835, 0x10839, 0x1083D, 0x10842, 0x10846,
            0x1084A, 0x1084E, 0x10852, 0x10857, 0x1085B, 0x1085F, 0x10863, 0x10868, 0x1086C, 0x10870, 0x10874,
            0x10878, 0x1087C, 0x10881, 0x10885, 0x10889, 0x1088D, 0x10891, 0x10895, 0x10899, 0x1089D, 0x108A1,
            0x108A5, 0x108A9, 0x108AD, 0x108B1, 0x108B5, 0x108B9, 0x108BD, 0x108C1, 0x108C5, 0x108C9, 0x108CD,
            0x108D1, 0x108D5, 0x108D9, 0x108DD, 0x108E2, 0x108E6, 0x108EA, 0x108EE, 0x108F3, 0x108F7, 0x108FB,
            0x108FF, 0x10903, 0x10907, 0x1090B, 0x1090F, 0x10913, 0x10917, 0x1091B, 0x1091F, 0x10923, 0x10927,
            0x1092B, 0x1092F, 0x10933, 0x10937, 0x1093B, 0x1093F, 0x10943, 0x10947, 0x1094B, 0x1094F, 0x10953,
            0x10957, 0x1095B, 0x1095F, 0x10963, 0x10967, 0x1096B, 0x1096F, 0x10973, 0x10978, 0x1097C, 0x10980,
            0x10984, 0x10988, 0x1098C, 0x10990, 0x10995, 0x1099A, 0x1099E, 0x109A2, 0x109A6, 0x109AA, 0x109AE,
            0x109B2, 0x109B6, 0x109BA, 0x109BE, 0x109C2, 0x109C7, 0x109CB, 0x109CF, 0x109D3, 0x109D7, 0x109DC,
            0x109E0, 0x109E4, 0x109E8, 0x109EC, 0x109F0, 0x109F4, 0x109F8, 0x109FC, 0x10A00, 0x10A05, 0x10A09,
            0x10A0E, 0x10A12, 0x10A16, 0x10A1A, 0x10A1E, 0x10A22, 0x10A26, 0x10A2A, 0x10A2E, 0x10A32, 0x10A36,
            0x10A3A, 0x10A3F, 0x10A43, 0x10A47, 0x10A4B, 0x10A4F, 0x10A53, 0x10A58, 0x10A5C, 0x10A61, 0x10A66,
            0x10A6A, 0x10A6E, 0x10A72, 0x10A76, 0x10A7B, 0x10A80, 0x10A84, 0x10A88, 0x10A8C, 0x10A90, 0x10A94,
            0x10A98, 0x10A9C, 0x10AA0, 0x10AA4, 0x10AA8, 0x10AAC, 0x10AB1, 0x10AB5, 0x10AB9, 0x10ABD, 0x10AC1,
            0x10AC5, 0x10AC9, 0x10ACD, 0x10AD1, 0x10AD5, 0x10AD9, 0x10ADD, 0x10AE1, 0x10AE5, 0x10AE9, 0x10AED,
            0x10AF1, 0x10AF5, 0x10AF9, 0x10AFD, 0x10B02, 0x10B06, 0x10B0A, 0x10B0E, 0x10B12, 0x10B16, 0x10B1B,
            0x10B1F, 0x10B23, 0x10B27, 0x10B2B, 0x10B2F, 0x10B33, 0x10B37, 0x10B3B, 0x10B3F, 0x10B43, 0x10B47,
            0x10B4C, 0x10B50, 0x10B54, 0x10B58, 0x10B5C, 0x10B60, 0x10B64, 0x10B68, 0x10B6C, 0x10B70, 0x10B74,
            0x10B78, 0x10B7C, 0x10B80, 0x10B84, 0x10B88, 0x10B8C, 0x10B90, 0x10B94, 0x10B99, 0x10B9D, 0x10BA1,
            0x10BA5, 0x10BA9, 0x10BAD, 0x10BB2, 0x10BB6, 0x10BBA, 0x10BBE, 0x10BC2, 0x10BC6, 0x10BCA, 0x10BCE,
            0x10BD2, 0x10BD7, 0x10BDB, 0x10BDF, 0x10BE3, 0x10BE8, 0x10BEC, 0x10BF0, 0x10BF4, 0x10BF8, 0x10BFC,
            0x10C00, 0x10C05, 0x10C0A, 0x10C0F, 0x10C13, 0x10C18, 0x10C1C, 0x10C20, 0x10C24, 0x10C28, 0x10C2C,
            0x10C30, 0x10C34, 0x10C38, 0x10C3C, 0x10C40, 0x10C45, 0x10C49, 0x10C4D, 0x10C51, 0x10C55, 0x10C59,
            0x10C5D, 0x10C62, 0x10C66, 0x10C6A, 0x10C6F, 0x10C74, 0x10C78, 0x10C7C, 0x10C80, 0x10C84, 0x10C88,
            0x10C8C, 0x10C90, 0x10C94, 0x10C98, 0x10C9D, 0x10CA1, 0x10CA6, 0x10CAA, 0x10CAF, 0x10CB3, 0x10CB7,
            0x10CBB, 0x10CC0, 0x10CC4, 0x10CC8, 0x10CCD, 0x10CD2, 0x10CD6, 0x10CDA, 0x10CDE, 0x10CE2, 0x10CE6,
            0x10CEA, 0x10CEE, 0x10CF2, 0x10CF6, 0x10CFA, 0x10CFE, 0x10D02, 0x10D06, 0x10D0B, 0x10D0F, 0x10D14,
            0x10D18, 0x10D1D, 0x10D21, 0x10D26, 0x10D2B, 0x10D30, 0x10D34, 0x10D38, 0x10D3C, 0x10D41, 0x10D46,
            0x10D4B, 0x10D50, 0x10D54, 0x10D58, 0x10D5C, 0x10D60, 0x10D64, 0x10D68, 0x10D6C, 0x10D70, 0x10D75,
            0x10D79, 0x10D7D, 0x10D81, 0x10D85, 0x10D8A, 0x10D8E, 0x10D93, 0x10D98, 0x10D9C, 0x10DA0, 0x10DA4,
            0x10DA8, 0x10DAC, 0x10DB0, 0x10DB5, 0x10DBA, 0x10DBF, 0x10DC3, 0x10DC7, 0x10DCC, 0x10DD0, 0x10DD4,
            0x10DD8, 0x10DDD, 0x10DE1, 0x10DE5, 0x10DE9, 0x10DED, 0x10DF1, 0x10DF6, 0x10DFA, 0x10DFE, 0x10E02,
            0x10E06, 0x10E0A, 0x10E0E, 0x10E13, 0x10E18, 0x10E1C, 0x10E21, 0x10E25, 0x10E2A, 0x10E2E, 0x10E32,
            0x10E36, 0x10E3B, 0x10E40, 0x10E44, 0x10E49, 0x10E4D, 0x10E52, 0x10E56, 0x10E5A, 0x10E5E, 0x10E62,
            0x10E66, 0x10E6A, 0x10E6F, 0x10E74, 0x10E79, 0x10E7E, 0x10E82, 0x10E86, 0x10E8A, 0x10E8E, 0x10E92,
            0x10E96, 0x10E9A, 0x10E9E, 0x10EA2, 0x10EA6, 0x10EAA, 0x10EAE, 0x10EB3, 0x10EB7, 0x10EBB, 0x10EBF,
            0x10EC3, 0x10EC7, 0x10ECB, 0x10ECF, 0x10ED3, 0x10ED7, 0x10EDB, 0x10EDF, 0x10EE3, 0x10EE8, 0x10EED,
            0x10EF2, 0x10EF6, 0x10EFA, 0x10EFE, 0x10F02, 0x10F07, 0x10F0B, 0x10F10, 0x10F14, 0x10F18, 0x10F1D,
            0x10F22, 0x10F26, 0x10F2A, 0x10F2E, 0x10F32, 0x10F36, 0x10F3A, 0x10F3E, 0x10F42, 0x10F46, 0x10F4A,
            0x10F4E, 0x10F52, 0x10F56, 0x10F5A, 0x10F5E, 0x10F62, 0x10F66, 0x10F6A, 0x10F6E, 0x10F73, 0x10F77,
            0x10F7B, 0x10F7F, 0x10F83, 0x10F87, 0x10F8C, 0x10F91, 0x10F95, 0x10F99, 0x10F9D, 0x10FA1, 0x10FA5,
            0x10FA9, 0x10FAE, 0x10FB2, 0x10FB6, 0x10FBA, 0x10FBE, 0x10FC3, 0x10FC8, 0x10FCC, 0x10FD0, 0x10FD4,
            0x10FD9, 0x10FDD, 0x10FE1, 0x10FE6, 0x10FEB, 0x10FEF, 0x10FF3, 0x10FF7, 0x10FFC, 0x11000, 0x11004,
            0x11008, 0x1100C, 0x11010, 0x11014, 0x11018, 0x1101D, 0x11021, 0x11025, 0x11029, 0x1102E, 0x11032,
            0x11036, 0x1103A, 0x1103E, 0x11043, 0x11048, 0x1104C, 0x11050, 0x11054, 0x11059, 0x1105D, 0x11062,
            0x11066, 0x1106A, 0x1106E, 0x11073, 0x11077, 0x1107B, 0x1107F, 0x11083, 0x11087, 0x1108B, 0x1108F,
            0x11094, 0x11098, 0x1109C, 0x110A0, 0x110A4, 0x110A8, 0x110AC, 0x110B1, 0x110B5, 0x110BA, 0x110BF,
            0x110C4, 0x110C8, 0x110CC, 0x110D0, 0x110D4, 0x110D8, 0x110DC, 0x110E0, 0x110E4, 0x110E9,
        };

        private const string DecompText =
            "<noBreak> 0020<compat> 0020 0308<super> 0061<compat> 0020 0304<super> 0032<super> 0033<compat> 0020 " +
            "0301<compat> 03BC<compat> 0020 0327<super> 0031<super> 006F<fraction> 0031 2044 0034<fraction> 0031 " +
            "2044 0032<fraction> 0033 2044 00340041 03000041 03010041 03020041 03030041 03080041 030A0043 0327004" +
            "5 03000045 03010045 03020045 03080049 03000049 03010049 03020049 0308004E 0303004F 0300004F 0301004F" +
            " 0302004F 0303004F 03080055 03000055 03010055 03020055 03080059 03010061 03000061 03010061 03020061 " +
            "03030061 03080061 030A0063 03270065 03000065 03010065 03020065 03080069 03000069 03010069 03020069 0" +
            "308006E 0303006F 0300006F 0301006F 0302006F 0303006F 03080075 03000075 03010075 03020075 03080079 03" +
            "010079 03080041 03040061 03040041 03060061 03060041 03280061 03280043 03010063 03010043 03020063 030" +
            "20043 03070063 03070043 030C0063 030C0044 030C0064 030C0045 03040065 03040045 03060065 03060045 0307" +
            "0065 03070045 03280065 03280045 030C0065 030C0047 03020067 03020047 03060067 03060047 03070067 03070" +
            "047 03270067 03270048 03020068 03020049 03030069 03030049 03040069 03040049 03060069 03060049 032800" +
            "69 03280049 0307<compat> 0049 004A<compat> 0069 006A004A 0302006A 0302004B 0327006B 0327004C 0301006" +
            "C 0301004C 0327006C 0327004C 030C006C 030C<compat> 004C 00B7<compat> 006C 00B7004E 0301006E 0301004E" +
            " 0327006E 0327004E 030C006E 030C<compat> 02BC 006E004F 0304006F 0304004F 0306006F 0306004F 030B006F " +
            "030B0052 03010072 03010052 03270072 03270052 030C0072 030C0053 03010073 03010053 03020073 03020053 0" +
            "3270073 03270053 030C0073 030C0054 03270074 03270054 030C0074 030C0055 03030075 03030055 03040075 03" +
            "040055 03060075 03060055 030A0075 030A0055 030B0075 030B0055 03280075 03280057 03020077 03020059 030" +
            "20079 03020059 0308005A 0301007A 0301005A 0307007A 0307005A 030C007A 030C<compat> 0073004F 031B006F " +
            "031B0055 031B0075 031B<compat> 0044 017D<compat> 0044 017E<compat> 0064 017E<compat> 004C 004A<compa" +
            "t> 004C 006A<compat> 006C 006A<compat> 004E 004A<compat> 004E 006A<compat> 006E 006A0041 030C0061 03" +
            "0C0049 030C0069 030C004F 030C006F 030C0055 030C0075 030C00DC 030400FC 030400DC 030100FC 030100DC 030" +
            "C00FC 030C00DC 030000FC 030000C4 030400E4 03040226 03040227 030400C6 030400E6 03040047 030C0067 030C" +
            "004B 030C006B 030C004F 0328006F 032801EA 030401EB 030401B7 030C0292 030C006A 030C<compat> 0044 005A<" +
            "compat> 0044 007A<compat> 0064 007A0047 03010067 0301004E 0300006E 030000C5 030100E5 030100C6 030100" +
            "E6 030100D8 030100F8 03010041 030F0061 030F0041 03110061 03110045 030F0065 030F0045 03110065 0311004" +
            "9 030F0069 030F0049 03110069 0311004F 030F006F 030F004F 0311006F 03110052 030F0072 030F0052 03110072" +
            " 03110055 030F0075 030F0055 03110075 03110053 03260073 03260054 03260074 03260048 030C0068 030C0041 " +
            "03070061 03070045 03270065 032700D6 030400F6 030400D5 030400F5 0304004F 0307006F 0307022E 0304022F 0" +
            "3040059 03040079 0304<super> 0068<super> 0266<super> 006A<super> 0072<super> 0279<super> 027B<super>" +
            " 0281<super> 0077<super> 0079<compat> 0020 0306<compat> 0020 0307<compat> 0020 030A<compat> 0020 032" +
            "8<compat> 0020 0303<compat> 0020 030B<super> 0263<super> 006C<super> 0073<super> 0078<super> 0295030" +
            "0030103130308 030102B9<compat> 0020 0345003B<compat> 0020 030100A8 03010391 030100B70395 03010397 03" +
            "010399 0301039F 030103A5 030103A9 030103CA 03010399 030803A5 030803B1 030103B5 030103B7 030103B9 030" +
            "103CB 030103B9 030803C5 030803BF 030103C5 030103C9 0301<compat> 03B2<compat> 03B8<compat> 03A503D2 0" +
            "30103D2 0308<compat> 03C6<compat> 03C0<compat> 03BA<compat> 03C1<compat> 03C2<compat> 0398<compat> 0" +
            "3B5<compat> 03A30415 03000415 03080413 03010406 0308041A 03010418 03000423 03060418 03060438 0306043" +
            "5 03000435 03080433 03010456 0308043A 03010438 03000443 03060474 030F0475 030F0416 03060436 03060410" +
            " 03060430 03060410 03080430 03080415 03060435 030604D8 030804D9 03080416 03080436 03080417 03080437 " +
            "03080418 03040438 03040418 03080438 0308041E 0308043E 030804E8 030804E9 0308042D 0308044D 03080423 0" +
            "3040443 03040423 03080443 03080423 030B0443 030B0427 03080447 0308042B 0308044B 0308<compat> 0565 05" +
            "820627 06530627 06540648 06540627 0655064A 0654<compat> 0627 0674<compat> 0648 0674<compat> 06C7 067" +
            "4<compat> 064A 067406D5 065406C1 065406D2 06540928 093C0930 093C0933 093C0915 093C0916 093C0917 093C" +
            "091C 093C0921 093C0922 093C092B 093C092F 093C09C7 09BE09C7 09D709A1 09BC09A2 09BC09AF 09BC0A32 0A3C0" +
            "A38 0A3C0A16 0A3C0A17 0A3C0A1C 0A3C0A2B 0A3C0B47 0B560B47 0B3E0B47 0B570B21 0B3C0B22 0B3C0B92 0BD70B" +
            "C6 0BBE0BC7 0BBE0BC6 0BD70C46 0C560CBF 0CD50CC6 0CD50CC6 0CD60CC6 0CC20CCA 0CD50D46 0D3E0D47 0D3E0D4" +
            "6 0D570DD9 0DCA0DD9 0DCF0DDC 0DCA0DD9 0DDF<compat> 0E4D 0E32<compat> 0ECD 0EB2<compat> 0EAB 0E99<com" +
            "pat> 0EAB 0EA1<noBreak> 0F0B0F42 0FB70F4C 0FB70F51 0FB70F56 0FB70F5B 0FB70F40 0FB50F71 0F720F71 0F74" +
            "0FB2 0F80<compat> 0FB2 0F810FB3 0F80<compat> 0FB3 0F810F71 0F800F92 0FB70F9C 0FB70FA1 0FB70FA6 0FB70" +
            "FAB 0FB70F90 0FB51025 102E<super> 10DC1B05 1B351B07 1B351B09 1B351B0B 1B351B0D 1B351B11 1B351B3A 1B3" +
            "51B3C 1B351B3E 1B351B3F 1B351B42 1B35<super> 0041<super> 00C6<super> 0042<super> 0044<super> 0045<su" +
            "per> 018E<super> 0047<super> 0048<super> 0049<super> 004A<super> 004B<super> 004C<super> 004D<super>" +
            " 004E<super> 004F<super> 0222<super> 0050<super> 0052<super> 0054<super> 0055<super> 0057<super> 006" +
            "1<super> 0250<super> 0251<super> 1D02<super> 0062<super> 0064<super> 0065<super> 0259<super> 025B<su" +
            "per> 025C<super> 0067<super> 006B<super> 006D<super> 014B<super> 006F<super> 0254<super> 1D16<super>" +
            " 1D17<super> 0070<super> 0074<super> 0075<super> 1D1D<super> 026F<super> 0076<super> 1D25<super> 03B" +
            "2<super> 03B3<super> 03B4<super> 03C6<super> 03C7<sub> 0069<sub> 0072<sub> 0075<sub> 0076<sub> 03B2<" +
            "sub> 03B3<sub> 03C1<sub> 03C6<sub> 03C7<super> 043D<super> 0252<super> 0063<super> 0255<super> 00F0<" +
            "super> 025C<super> 0066<super> 025F<super> 0261<super> 0265<super> 0268<super> 0269<super> 026A<supe" +
            "r> 1D7B<super> 029D<super> 026D<super> 1D85<super> 029F<super> 0271<super> 0270<super> 0272<super> 0" +
            "273<super> 0274<super> 0275<super> 0278<super> 0282<super> 0283<super> 01AB<super> 0289<super> 028A<" +
            "super> 1D1C<super> 028B<super> 028C<super> 007A<super> 0290<super> 0291<super> 0292<super> 03B80041 " +
            "03250061 03250042 03070062 03070042 03230062 03230042 03310062 033100C7 030100E7 03010044 03070064 0" +
            "3070044 03230064 03230044 03310064 03310044 03270064 03270044 032D0064 032D0112 03000113 03000112 03" +
            "010113 03010045 032D0065 032D0045 03300065 03300228 03060229 03060046 03070066 03070047 03040067 030" +
            "40048 03070068 03070048 03230068 03230048 03080068 03080048 03270068 03270048 032E0068 032E0049 0330" +
            "0069 033000CF 030100EF 0301004B 0301006B 0301004B 0323006B 0323004B 0331006B 0331004C 0323006C 03231" +
            "E36 03041E37 0304004C 0331006C 0331004C 032D006C 032D004D 0301006D 0301004D 0307006D 0307004D 032300" +
            "6D 0323004E 0307006E 0307004E 0323006E 0323004E 0331006E 0331004E 032D006E 032D00D5 030100F5 030100D" +
            "5 030800F5 0308014C 0300014D 0300014C 0301014D 03010050 03010070 03010050 03070070 03070052 03070072" +
            " 03070052 03230072 03231E5A 03041E5B 03040052 03310072 03310053 03070073 03070053 03230073 0323015A " +
            "0307015B 03070160 03070161 03071E62 03071E63 03070054 03070074 03070054 03230074 03230054 03310074 0" +
            "3310054 032D0074 032D0055 03240075 03240055 03300075 03300055 032D0075 032D0168 03010169 0301016A 03" +
            "08016B 03080056 03030076 03030056 03230076 03230057 03000077 03000057 03010077 03010057 03080077 030" +
            "80057 03070077 03070057 03230077 03230058 03070078 03070058 03080078 03080059 03070079 0307005A 0302" +
            "007A 0302005A 0323007A 0323005A 0331007A 03310068 03310074 03080077 030A0079 030A<compat> 0061 02BE0" +
            "17F 03070041 03230061 03230041 03090061 030900C2 030100E2 030100C2 030000E2 030000C2 030900E2 030900" +
            "C2 030300E2 03031EA0 03021EA1 03020102 03010103 03010102 03000103 03000102 03090103 03090102 0303010" +
            "3 03031EA0 03061EA1 03060045 03230065 03230045 03090065 03090045 03030065 030300CA 030100EA 030100CA" +
            " 030000EA 030000CA 030900EA 030900CA 030300EA 03031EB8 03021EB9 03020049 03090069 03090049 03230069 " +
            "0323004F 0323006F 0323004F 0309006F 030900D4 030100F4 030100D4 030000F4 030000D4 030900F4 030900D4 0" +
            "30300F4 03031ECC 03021ECD 030201A0 030101A1 030101A0 030001A1 030001A0 030901A1 030901A0 030301A1 03" +
            "0301A0 032301A1 03230055 03230075 03230055 03090075 030901AF 030101B0 030101AF 030001B0 030001AF 030" +
            "901B0 030901AF 030301B0 030301AF 032301B0 03230059 03000079 03000059 03230079 03230059 03090079 0309" +
            "0059 03030079 030303B1 031303B1 03141F00 03001F01 03001F00 03011F01 03011F00 03421F01 03420391 03130" +
            "391 03141F08 03001F09 03001F08 03011F09 03011F08 03421F09 034203B5 031303B5 03141F10 03001F11 03001F" +
            "10 03011F11 03010395 03130395 03141F18 03001F19 03001F18 03011F19 030103B7 031303B7 03141F20 03001F2" +
            "1 03001F20 03011F21 03011F20 03421F21 03420397 03130397 03141F28 03001F29 03001F28 03011F29 03011F28" +
            " 03421F29 034203B9 031303B9 03141F30 03001F31 03001F30 03011F31 03011F30 03421F31 03420399 03130399 " +
            "03141F38 03001F39 03001F38 03011F39 03011F38 03421F39 034203BF 031303BF 03141F40 03001F41 03001F40 0" +
            "3011F41 0301039F 0313039F 03141F48 03001F49 03001F48 03011F49 030103C5 031303C5 03141F50 03001F51 03" +
            "001F50 03011F51 03011F50 03421F51 034203A5 03141F59 03001F59 03011F59 034203C9 031303C9 03141F60 030" +
            "01F61 03001F60 03011F61 03011F60 03421F61 034203A9 031303A9 03141F68 03001F69 03001F68 03011F69 0301" +
            "1F68 03421F69 034203B1 030003AC03B5 030003AD03B7 030003AE03B9 030003AF03BF 030003CC03C5 030003CD03C9" +
            " 030003CE1F00 03451F01 03451F02 03451F03 03451F04 03451F05 03451F06 03451F07 03451F08 03451F09 03451" +
            "F0A 03451F0B 03451F0C 03451F0D 03451F0E 03451F0F 03451F20 03451F21 03451F22 03451F23 03451F24 03451F" +
            "25 03451F26 03451F27 03451F28 03451F29 03451F2A 03451F2B 03451F2C 03451F2D 03451F2E 03451F2F 03451F6" +
            "0 03451F61 03451F62 03451F63 03451F64 03451F65 03451F66 03451F67 03451F68 03451F69 03451F6A 03451F6B" +
            " 03451F6C 03451F6D 03451F6E 03451F6F 034503B1 030603B1 03041F70 034503B1 034503AC 034503B1 03421FB6 " +
            "03450391 03060391 03040391 030003860391 0345<compat> 0020 031303B9<compat> 0020 0313<compat> 0020 03" +
            "4200A8 03421F74 034503B7 034503AE 034503B7 03421FC6 03450395 030003880397 030003890397 03451FBF 0300" +
            "1FBF 03011FBF 034203B9 030603B9 030403CA 0300039003B9 034203CA 03420399 03060399 03040399 0300038A1F" +
            "FE 03001FFE 03011FFE 034203C5 030603C5 030403CB 030003B003C1 031303C1 031403C5 034203CB 034203A5 030" +
            "603A5 030403A5 0300038E03A1 031400A8 0300038500601F7C 034503C9 034503CE 034503C9 03421FF6 0345039F 0" +
            "300038C03A9 0300038F03A9 034500B4<compat> 0020 031420022003<compat> 0020<compat> 0020<compat> 0020<c" +
            "ompat> 0020<compat> 0020<noBreak> 0020<compat> 0020<compat> 0020<compat> 0020<noBreak> 2010<compat> " +
            "0020 0333<compat> 002E<compat> 002E 002E<compat> 002E 002E 002E<noBreak> 0020<compat> 2032 2032<comp" +
            "at> 2032 2032 2032<compat> 2035 2035<compat> 2035 2035 2035<compat> 0021 0021<compat> 0020 0305<comp" +
            "at> 003F 003F<compat> 003F 0021<compat> 0021 003F<compat> 2032 2032 2032 2032<compat> 0020<super> 00" +
            "30<super> 0069<super> 0034<super> 0035<super> 0036<super> 0037<super> 0038<super> 0039<super> 002B<s" +
            "uper> 2212<super> 003D<super> 0028<super> 0029<super> 006E<sub> 0030<sub> 0031<sub> 0032<sub> 0033<s" +
            "ub> 0034<sub> 0035<sub> 0036<sub> 0037<sub> 0038<sub> 0039<sub> 002B<sub> 2212<sub> 003D<sub> 0028<s" +
            "ub> 0029<sub> 0061<sub> 0065<sub> 006F<sub> 0078<sub> 0259<sub> 0068<sub> 006B<sub> 006C<sub> 006D<s" +
            "ub> 006E<sub> 0070<sub> 0073<sub> 0074<compat> 0052 0073<compat> 0061 002F 0063<compat> 0061 002F 00" +
            "73<font> 0043<compat> 00B0 0043<compat> 0063 002F 006F<compat> 0063 002F 0075<compat> 0190<compat> 0" +
            "0B0 0046<font> 0067<font> 0048<font> 0048<font> 0048<font> 0068<font> 0127<font> 0049<font> 0049<fon" +
            "t> 004C<font> 006C<font> 004E<compat> 004E 006F<font> 0050<font> 0051<font> 0052<font> 0052<font> 00" +
            "52<super> 0053 004D<compat> 0054 0045 004C<super> 0054 004D<font> 005A03A9<font> 005A004B00C5<font> " +
            "0042<font> 0043<font> 0065<font> 0045<font> 0046<font> 004D<font> 006F<compat> 05D0<compat> 05D1<com" +
            "pat> 05D2<compat> 05D3<font> 0069<compat> 0046 0041 0058<font> 03C0<font> 03B3<font> 0393<font> 03A0" +
            "<font> 2211<font> 0044<font> 0064<font> 0065<font> 0069<font> 006A<fraction> 0031 2044 0037<fraction" +
            "> 0031 2044 0039<fraction> 0031 2044 0031 0030<fraction> 0031 2044 0033<fraction> 0032 2044 0033<fra" +
            "ction> 0031 2044 0035<fraction> 0032 2044 0035<fraction> 0033 2044 0035<fraction> 0034 2044 0035<fra" +
            "ction> 0031 2044 0036<fraction> 0035 2044 0036<fraction> 0031 2044 0038<fraction> 0033 2044 0038<fra" +
            "ction> 0035 2044 0038<fraction> 0037 2044 0038<fraction> 0031 2044<compat> 0049<compat> 0049 0049<co" +
            "mpat> 0049 0049 0049<compat> 0049 0056<compat> 0056<compat> 0056 0049<compat> 0056 0049 0049<compat>" +
            " 0056 0049 0049 0049<compat> 0049 0058<compat> 0058<compat> 0058 0049<compat> 0058 0049 0049<compat>" +
            " 004C<compat> 0043<compat> 0044<compat> 004D<compat> 0069<compat> 0069 0069<compat> 0069 0069 0069<c" +
            "ompat> 0069 0076<compat> 0076<compat> 0076 0069<compat> 0076 0069 0069<compat> 0076 0069 0069 0069<c" +
            "ompat> 0069 0078<compat> 0078<compat> 0078 0069<compat> 0078 0069 0069<compat> 006C<compat> 0063<com" +
            "pat> 0064<compat> 006D<fraction> 0030 2044 00332190 03382192 03382194 033821D0 033821D4 033821D2 033" +
            "82203 03382208 0338220B 03382223 03382225 0338<compat> 222B 222B<compat> 222B 222B 222B<compat> 222E" +
            " 222E<compat> 222E 222E 222E223C 03382243 03382245 03382248 0338003D 03382261 0338224D 0338003C 0338" +
            "003E 03382264 03382265 03382272 03382273 03382276 03382277 0338227A 0338227B 03382282 03382283 03382" +
            "286 03382287 033822A2 033822A8 033822A9 033822AB 0338227C 0338227D 03382291 03382292 033822B2 033822" +
            "B3 033822B4 033822B5 033830083009<circle> 0031<circle> 0032<circle> 0033<circle> 0034<circle> 0035<c" +
            "ircle> 0036<circle> 0037<circle> 0038<circle> 0039<circle> 0031 0030<circle> 0031 0031<circle> 0031 " +
            "0032<circle> 0031 0033<circle> 0031 0034<circle> 0031 0035<circle> 0031 0036<circle> 0031 0037<circl" +
            "e> 0031 0038<circle> 0031 0039<circle> 0032 0030<compat> 0028 0031 0029<compat> 0028 0032 0029<compa" +
            "t> 0028 0033 0029<compat> 0028 0034 0029<compat> 0028 0035 0029<compat> 0028 0036 0029<compat> 0028 " +
            "0037 0029<compat> 0028 0038 0029<compat> 0028 0039 0029<compat> 0028 0031 0030 0029<compat> 0028 003" +
            "1 0031 0029<compat> 0028 0031 0032 0029<compat> 0028 0031 0033 0029<compat> 0028 0031 0034 0029<comp" +
            "at> 0028 0031 0035 0029<compat> 0028 0031 0036 0029<compat> 0028 0031 0037 0029<compat> 0028 0031 00" +
            "38 0029<compat> 0028 0031 0039 0029<compat> 0028 0032 0030 0029<compat> 0031 002E<compat> 0032 002E<" +
            "compat> 0033 002E<compat> 0034 002E<compat> 0035 002E<compat> 0036 002E<compat> 0037 002E<compat> 00" +
            "38 002E<compat> 0039 002E<compat> 0031 0030 002E<compat> 0031 0031 002E<compat> 0031 0032 002E<compa" +
            "t> 0031 0033 002E<compat> 0031 0034 002E<compat> 0031 0035 002E<compat> 0031 0036 002E<compat> 0031 " +
            "0037 002E<compat> 0031 0038 002E<compat> 0031 0039 002E<compat> 0032 0030 002E<compat> 0028 0061 002" +
            "9<compat> 0028 0062 0029<compat> 0028 0063 0029<compat> 0028 0064 0029<compat> 0028 0065 0029<compat" +
            "> 0028 0066 0029<compat> 0028 0067 0029<compat> 0028 0068 0029<compat> 0028 0069 0029<compat> 0028 0" +
            "06A 0029<compat> 0028 006B 0029<compat> 0028 006C 0029<compat> 0028 006D 0029<compat> 0028 006E 0029" +
            "<compat> 0028 006F 0029<compat> 0028 0070 0029<compat> 0028 0071 0029<compat> 0028 0072 0029<compat>" +
            " 0028 0073 0029<compat> 0028 0074 0029<compat> 0028 0075 0029<compat> 0028 0076 0029<compat> 0028 00" +
            "77 0029<compat> 0028 0078 0029<compat> 0028 0079 0029<compat> 0028 007A 0029<circle> 0041<circle> 00" +
            "42<circle> 0043<circle> 0044<circle> 0045<circle> 0046<circle> 0047<circle> 0048<circle> 0049<circle" +
            "> 004A<circle> 004B<circle> 004C<circle> 004D<circle> 004E<circle> 004F<circle> 0050<circle> 0051<ci" +
            "rcle> 0052<circle> 0053<circle> 0054<circle> 0055<circle> 0056<circle> 0057<circle> 0058<circle> 005" +
            "9<circle> 005A<circle> 0061<circle> 0062<circle> 0063<circle> 0064<circle> 0065<circle> 0066<circle>" +
            " 0067<circle> 0068<circle> 0069<circle> 006A<circle> 006B<circle> 006C<circle> 006D<circle> 006E<cir" +
            "cle> 006F<circle> 0070<circle> 0071<circle> 0072<circle> 0073<circle> 0074<circle> 0075<circle> 0076" +
            "<circle> 0077<circle> 0078<circle> 0079<circle> 007A<circle> 0030<compat> 222B 222B 222B 222B<compat" +
            "> 003A 003A 003D<compat> 003D 003D<compat> 003D 003D 003D2ADD 0338<sub> 006A<super> 0056<super> 2D61" +
            "<compat> 6BCD<compat> 9F9F<compat> 4E00<compat> 4E28<compat> 4E36<compat> 4E3F<compat> 4E59<compat> " +
            "4E85<compat> 4E8C<compat> 4EA0<compat> 4EBA<compat> 513F<compat> 5165<compat> 516B<compat> 5182<comp" +
            "at> 5196<compat> 51AB<compat> 51E0<compat> 51F5<compat> 5200<compat> 529B<compat> 52F9<compat> 5315<" +
            "compat> 531A<compat> 5338<compat> 5341<compat> 535C<compat> 5369<compat> 5382<compat> 53B6<compat> 5" +
            "3C8<compat> 53E3<compat> 56D7<compat> 571F<compat> 58EB<compat> 5902<compat> 590A<compat> 5915<compa" +
            "t> 5927<compat> 5973<compat> 5B50<compat> 5B80<compat> 5BF8<compat> 5C0F<compat> 5C22<compat> 5C38<c" +
            "ompat> 5C6E<compat> 5C71<compat> 5DDB<compat> 5DE5<compat> 5DF1<compat> 5DFE<compat> 5E72<compat> 5E" +
            "7A<compat> 5E7F<compat> 5EF4<compat> 5EFE<compat> 5F0B<compat> 5F13<compat> 5F50<compat> 5F61<compat" +
            "> 5F73<compat> 5FC3<compat> 6208<compat> 6236<compat> 624B<compat> 652F<compat> 6534<compat> 6587<co" +
            "mpat> 6597<compat> 65A4<compat> 65B9<compat> 65E0<compat> 65E5<compat> 66F0<compat> 6708<compat> 672" +
            "8<compat> 6B20<compat> 6B62<compat> 6B79<compat> 6BB3<compat> 6BCB<compat> 6BD4<compat> 6BDB<compat>" +
            " 6C0F<compat> 6C14<compat> 6C34<compat> 706B<compat> 722A<compat> 7236<compat> 723B<compat> 723F<com" +
            "pat> 7247<compat> 7259<compat> 725B<compat> 72AC<compat> 7384<compat> 7389<compat> 74DC<compat> 74E6" +
            "<compat> 7518<compat> 751F<compat> 7528<compat> 7530<compat> 758B<compat> 7592<compat> 7676<compat> " +
            "767D<compat> 76AE<compat> 76BF<compat> 76EE<compat> 77DB<compat> 77E2<compat> 77F3<compat> 793A<comp" +
            "at> 79B8<compat> 79BE<compat> 7A74<compat> 7ACB<compat> 7AF9<compat> 7C73<compat> 7CF8<compat> 7F36<" +
            "compat> 7F51<compat> 7F8A<compat> 7FBD<compat> 8001<compat> 800C<compat> 8012<compat> 8033<compat> 8" +
            "07F<compat> 8089<compat> 81E3<compat> 81EA<compat> 81F3<compat> 81FC<compat> 820C<compat> 821B<compa" +
            "t> 821F<compat> 826E<compat> 8272<compat> 8278<compat> 864D<compat> 866B<compat> 8840<compat> 884C<c" +
            "ompat> 8863<compat> 897E<compat> 898B<compat> 89D2<compat> 8A00<compat> 8C37<compat> 8C46<compat> 8C" +
            "55<compat> 8C78<compat> 8C9D<compat> 8D64<compat> 8D70<compat> 8DB3<compat> 8EAB<compat> 8ECA<compat" +
            "> 8F9B<compat> 8FB0<compat> 8FB5<compat> 9091<compat> 9149<compat> 91C6<compat> 91CC<compat> 91D1<co" +
            "mpat> 9577<compat> 9580<compat> 961C<compat> 96B6<compat> 96B9<compat> 96E8<compat> 9751<compat> 975" +
            "E<compat> 9762<compat> 9769<compat> 97CB<compat> 97ED<compat> 97F3<compat> 9801<compat> 98A8<compat>" +
            " 98DB<compat> 98DF<compat> 9996<compat> 9999<compat> 99AC<compat> 9AA8<compat> 9AD8<compat> 9ADF<com" +
            "pat> 9B25<compat> 9B2F<compat> 9B32<compat> 9B3C<compat> 9B5A<compat> 9CE5<compat> 9E75<compat> 9E7F" +
            "<compat> 9EA5<compat> 9EBB<compat> 9EC3<compat> 9ECD<compat> 9ED1<compat> 9EF9<compat> 9EFD<compat> " +
            "9F0E<compat> 9F13<compat> 9F20<compat> 9F3B<compat> 9F4A<compat> 9F52<compat> 9F8D<compat> 9F9C<comp" +
            "at> 9FA0<wide> 0020<compat> 3012<compat> 5341<compat> 5344<compat> 5345304B 3099304D 3099304F 309930" +
            "51 30993053 30993055 30993057 30993059 3099305B 3099305D 3099305F 30993061 30993064 30993066 3099306" +
            "8 3099306F 3099306F 309A3072 30993072 309A3075 30993075 309A3078 30993078 309A307B 3099307B 309A3046" +
            " 3099<compat> 0020 3099<compat> 0020 309A309D 3099<vertical> 3088 308A30AB 309930AD 309930AF 309930B" +
            "1 309930B3 309930B5 309930B7 309930B9 309930BB 309930BD 309930BF 309930C1 309930C4 309930C6 309930C8" +
            " 309930CF 309930CF 309A30D2 309930D2 309A30D5 309930D5 309A30D8 309930D8 309A30DB 309930DB 309A30A6 " +
            "309930EF 309930F0 309930F1 309930F2 309930FD 3099<vertical> 30B3 30C8<compat> 1100<compat> 1101<comp" +
            "at> 11AA<compat> 1102<compat> 11AC<compat> 11AD<compat> 1103<compat> 1104<compat> 1105<compat> 11B0<" +
            "compat> 11B1<compat> 11B2<compat> 11B3<compat> 11B4<compat> 11B5<compat> 111A<compat> 1106<compat> 1" +
            "107<compat> 1108<compat> 1121<compat> 1109<compat> 110A<compat> 110B<compat> 110C<compat> 110D<compa" +
            "t> 110E<compat> 110F<compat> 1110<compat> 1111<compat> 1112<compat> 1161<compat> 1162<compat> 1163<c" +
            "ompat> 1164<compat> 1165<compat> 1166<compat> 1167<compat> 1168<compat> 1169<compat> 116A<compat> 11" +
            "6B<compat> 116C<compat> 116D<compat> 116E<compat> 116F<compat> 1170<compat> 1171<compat> 1172<compat" +
            "> 1173<compat> 1174<compat> 1175<compat> 1160<compat> 1114<compat> 1115<compat> 11C7<compat> 11C8<co" +
            "mpat> 11CC<compat> 11CE<compat> 11D3<compat> 11D7<compat> 11D9<compat> 111C<compat> 11DD<compat> 11D" +
            "F<compat> 111D<compat> 111E<compat> 1120<compat> 1122<compat> 1123<compat> 1127<compat> 1129<compat>" +
            " 112B<compat> 112C<compat> 112D<compat> 112E<compat> 112F<compat> 1132<compat> 1136<compat> 1140<com" +
            "pat> 1147<compat> 114C<compat> 11F1<compat> 11F2<compat> 1157<compat> 1158<compat> 1159<compat> 1184" +
            "<compat> 1185<compat> 1188<compat> 1191<compat> 1192<compat> 1194<compat> 119E<compat> 11A1<super> 4" +
            "E00<super> 4E8C<super> 4E09<super> 56DB<super> 4E0A<super> 4E2D<super> 4E0B<super> 7532<super> 4E59<" +
            "super> 4E19<super> 4E01<super> 5929<super> 5730<super> 4EBA<compat> 0028 1100 0029<compat> 0028 1102" +
            " 0029<compat> 0028 1103 0029<compat> 0028 1105 0029<compat> 0028 1106 0029<compat> 0028 1107 0029<co" +
            "mpat> 0028 1109 0029<compat> 0028 110B 0029<compat> 0028 110C 0029<compat> 0028 110E 0029<compat> 00" +
            "28 110F 0029<compat> 0028 1110 0029<compat> 0028 1111 0029<compat> 0028 1112 0029<compat> 0028 1100 " +
            "1161 0029<compat> 0028 1102 1161 0029<compat> 0028 1103 1161 0029<compat> 0028 1105 1161 0029<compat" +
            "> 0028 1106 1161 0029<compat> 0028 1107 1161 0029<compat> 0028 1109 1161 0029<compat> 0028 110B 1161" +
            " 0029<compat> 0028 110C 1161 0029<compat> 0028 110E 1161 0029<compat> 0028 110F 1161 0029<compat> 00" +
            "28 1110 1161 0029<compat> 0028 1111 1161 0029<compat> 0028 1112 1161 0029<compat> 0028 110C 116E 002" +
            "9<compat> 0028 110B 1169 110C 1165 11AB 0029<compat> 0028 110B 1169 1112 116E 0029<compat> 0028 4E00" +
            " 0029<compat> 0028 4E8C 0029<compat> 0028 4E09 0029<compat> 0028 56DB 0029<compat> 0028 4E94 0029<co" +
            "mpat> 0028 516D 0029<compat> 0028 4E03 0029<compat> 0028 516B 0029<compat> 0028 4E5D 0029<compat> 00" +
            "28 5341 0029<compat> 0028 6708 0029<compat> 0028 706B 0029<compat> 0028 6C34 0029<compat> 0028 6728 " +
            "0029<compat> 0028 91D1 0029<compat> 0028 571F 0029<compat> 0028 65E5 0029<compat> 0028 682A 0029<com" +
            "pat> 0028 6709 0029<compat> 0028 793E 0029<compat> 0028 540D 0029<compat> 0028 7279 0029<compat> 002" +
            "8 8CA1 0029<compat> 0028 795D 0029<compat> 0028 52B4 0029<compat> 0028 4EE3 0029<compat> 0028 547C 0" +
            "029<compat> 0028 5B66 0029<compat> 0028 76E3 0029<compat> 0028 4F01 0029<compat> 0028 8CC7 0029<comp" +
            "at> 0028 5354 0029<compat> 0028 796D 0029<compat> 0028 4F11 0029<compat> 0028 81EA 0029<compat> 0028" +
            " 81F3 0029<circle> 554F<circle> 5E7C<circle> 6587<circle> 7B8F<square> 0050 0054 0045<circle> 0032 0" +
            "031<circle> 0032 0032<circle> 0032 0033<circle> 0032 0034<circle> 0032 0035<circle> 0032 0036<circle" +
            "> 0032 0037<circle> 0032 0038<circle> 0032 0039<circle> 0033 0030<circle> 0033 0031<circle> 0033 003" +
            "2<circle> 0033 0033<circle> 0033 0034<circle> 0033 0035<circle> 1100<circle> 1102<circle> 1103<circl" +
            "e> 1105<circle> 1106<circle> 1107<circle> 1109<circle> 110B<circle> 110C<circle> 110E<circle> 110F<c" +
            "ircle> 1110<circle> 1111<circle> 1112<circle> 1100 1161<circle> 1102 1161<circle> 1103 1161<circle> " +
            "1105 1161<circle> 1106 1161<circle> 1107 1161<circle> 1109 1161<circle> 110B 1161<circle> 110C 1161<" +
            "circle> 110E 1161<circle> 110F 1161<circle> 1110 1161<circle> 1111 1161<circle> 1112 1161<circle> 11" +
            "0E 1161 11B7 1100 1169<circle> 110C 116E 110B 1174<circle> 110B 116E<circle> 4E00<circle> 4E8C<circl" +
            "e> 4E09<circle> 56DB<circle> 4E94<circle> 516D<circle> 4E03<circle> 516B<circle> 4E5D<circle> 5341<c" +
            "ircle> 6708<circle> 706B<circle> 6C34<circle> 6728<circle> 91D1<circle> 571F<circle> 65E5<circle> 68" +
            "2A<circle> 6709<circle> 793E<circle> 540D<circle> 7279<circle> 8CA1<circle> 795D<circle> 52B4<circle" +
            "> 79D8<circle> 7537<circle> 5973<circle> 9069<circle> 512A<circle> 5370<circle> 6CE8<circle> 9805<ci" +
            "rcle> 4F11<circle> 5199<circle> 6B63<circle> 4E0A<circle> 4E2D<circle> 4E0B<circle> 5DE6<circle> 53F" +
            "3<circle> 533B<circle> 5B97<circle> 5B66<circle> 76E3<circle> 4F01<circle> 8CC7<circle> 5354<circle>" +
            " 591C<circle> 0033 0036<circle> 0033 0037<circle> 0033 0038<circle> 0033 0039<circle> 0034 0030<circ" +
            "le> 0034 0031<circle> 0034 0032<circle> 0034 0033<circle> 0034 0034<circle> 0034 0035<circle> 0034 0" +
            "036<circle> 0034 0037<circle> 0034 0038<circle> 0034 0039<circle> 0035 0030<compat> 0031 6708<compat" +
            "> 0032 6708<compat> 0033 6708<compat> 0034 6708<compat> 0035 6708<compat> 0036 6708<compat> 0037 670" +
            "8<compat> 0038 6708<compat> 0039 6708<compat> 0031 0030 6708<compat> 0031 0031 6708<compat> 0031 003" +
            "2 6708<square> 0048 0067<square> 0065 0072 0067<square> 0065 0056<square> 004C 0054 0044<circle> 30A" +
            "2<circle> 30A4<circle> 30A6<circle> 30A8<circle> 30AA<circle> 30AB<circle> 30AD<circle> 30AF<circle>" +
            " 30B1<circle> 30B3<circle> 30B5<circle> 30B7<circle> 30B9<circle> 30BB<circle> 30BD<circle> 30BF<cir" +
            "cle> 30C1<circle> 30C4<circle> 30C6<circle> 30C8<circle> 30CA<circle> 30CB<circle> 30CC<circle> 30CD" +
            "<circle> 30CE<circle> 30CF<circle> 30D2<circle> 30D5<circle> 30D8<circle> 30DB<circle> 30DE<circle> " +
            "30DF<circle> 30E0<circle> 30E1<circle> 30E2<circle> 30E4<circle> 30E6<circle> 30E8<circle> 30E9<circ" +
            "le> 30EA<circle> 30EB<circle> 30EC<circle> 30ED<circle> 30EF<circle> 30F0<circle> 30F1<circle> 30F2<" +
            "square> 4EE4 548C<square> 30A2 30D1 30FC 30C8<square> 30A2 30EB 30D5 30A1<square> 30A2 30F3 30DA 30A" +
            "2<square> 30A2 30FC 30EB<square> 30A4 30CB 30F3 30B0<square> 30A4 30F3 30C1<square> 30A6 30A9 30F3<s" +
            "quare> 30A8 30B9 30AF 30FC 30C9<square> 30A8 30FC 30AB 30FC<square> 30AA 30F3 30B9<square> 30AA 30FC" +
            " 30E0<square> 30AB 30A4 30EA<square> 30AB 30E9 30C3 30C8<square> 30AB 30ED 30EA 30FC<square> 30AC 30" +
            "ED 30F3<square> 30AC 30F3 30DE<square> 30AE 30AC<square> 30AE 30CB 30FC<square> 30AD 30E5 30EA 30FC<" +
            "square> 30AE 30EB 30C0 30FC<square> 30AD 30ED<square> 30AD 30ED 30B0 30E9 30E0<square> 30AD 30ED 30E" +
            "1 30FC 30C8 30EB<square> 30AD 30ED 30EF 30C3 30C8<square> 30B0 30E9 30E0<square> 30B0 30E9 30E0 30C8" +
            " 30F3<square> 30AF 30EB 30BC 30A4 30ED<square> 30AF 30ED 30FC 30CD<square> 30B1 30FC 30B9<square> 30" +
            "B3 30EB 30CA<square> 30B3 30FC 30DD<square> 30B5 30A4 30AF 30EB<square> 30B5 30F3 30C1 30FC 30E0<squ" +
            "are> 30B7 30EA 30F3 30B0<square> 30BB 30F3 30C1<square> 30BB 30F3 30C8<square> 30C0 30FC 30B9<square" +
            "> 30C7 30B7<square> 30C9 30EB<square> 30C8 30F3<square> 30CA 30CE<square> 30CE 30C3 30C8<square> 30C" +
            "F 30A4 30C4<square> 30D1 30FC 30BB 30F3 30C8<square> 30D1 30FC 30C4<square> 30D0 30FC 30EC 30EB<squa" +
            "re> 30D4 30A2 30B9 30C8 30EB<square> 30D4 30AF 30EB<square> 30D4 30B3<square> 30D3 30EB<square> 30D5" +
            " 30A1 30E9 30C3 30C9<square> 30D5 30A3 30FC 30C8<square> 30D6 30C3 30B7 30A7 30EB<square> 30D5 30E9 " +
            "30F3<square> 30D8 30AF 30BF 30FC 30EB<square> 30DA 30BD<square> 30DA 30CB 30D2<square> 30D8 30EB 30C" +
            "4<square> 30DA 30F3 30B9<square> 30DA 30FC 30B8<square> 30D9 30FC 30BF<square> 30DD 30A4 30F3 30C8<s" +
            "quare> 30DC 30EB 30C8<square> 30DB 30F3<square> 30DD 30F3 30C9<square> 30DB 30FC 30EB<square> 30DB 3" +
            "0FC 30F3<square> 30DE 30A4 30AF 30ED<square> 30DE 30A4 30EB<square> 30DE 30C3 30CF<square> 30DE 30EB" +
            " 30AF<square> 30DE 30F3 30B7 30E7 30F3<square> 30DF 30AF 30ED 30F3<square> 30DF 30EA<square> 30DF 30" +
            "EA 30D0 30FC 30EB<square> 30E1 30AC<square> 30E1 30AC 30C8 30F3<square> 30E1 30FC 30C8 30EB<square> " +
            "30E4 30FC 30C9<square> 30E4 30FC 30EB<square> 30E6 30A2 30F3<square> 30EA 30C3 30C8 30EB<square> 30E" +
            "A 30E9<square> 30EB 30D4 30FC<square> 30EB 30FC 30D6 30EB<square> 30EC 30E0<square> 30EC 30F3 30C8 3" +
            "0B2 30F3<square> 30EF 30C3 30C8<compat> 0030 70B9<compat> 0031 70B9<compat> 0032 70B9<compat> 0033 7" +
            "0B9<compat> 0034 70B9<compat> 0035 70B9<compat> 0036 70B9<compat> 0037 70B9<compat> 0038 70B9<compat" +
            "> 0039 70B9<compat> 0031 0030 70B9<compat> 0031 0031 70B9<compat> 0031 0032 70B9<compat> 0031 0033 7" +
            "0B9<compat> 0031 0034 70B9<compat> 0031 0035 70B9<compat> 0031 0036 70B9<compat> 0031 0037 70B9<comp" +
            "at> 0031 0038 70B9<compat> 0031 0039 70B9<compat> 0032 0030 70B9<compat> 0032 0031 70B9<compat> 0032" +
            " 0032 70B9<compat> 0032 0033 70B9<compat> 0032 0034 70B9<square> 0068 0050 0061<square> 0064 0061<sq" +
            "uare> 0041 0055<square> 0062 0061 0072<square> 006F 0056<square> 0070 0063<square> 0064 006D<square>" +
            " 0064 006D 00B2<square> 0064 006D 00B3<square> 0049 0055<square> 5E73 6210<square> 662D 548C<square>" +
            " 5927 6B63<square> 660E 6CBB<square> 682A 5F0F 4F1A 793E<square> 0070 0041<square> 006E 0041<square>" +
            " 03BC 0041<square> 006D 0041<square> 006B 0041<square> 004B 0042<square> 004D 0042<square> 0047 0042" +
            "<square> 0063 0061 006C<square> 006B 0063 0061 006C<square> 0070 0046<square> 006E 0046<square> 03BC" +
            " 0046<square> 03BC 0067<square> 006D 0067<square> 006B 0067<square> 0048 007A<square> 006B 0048 007A" +
            "<square> 004D 0048 007A<square> 0047 0048 007A<square> 0054 0048 007A<square> 03BC 2113<square> 006D" +
            " 2113<square> 0064 2113<square> 006B 2113<square> 0066 006D<square> 006E 006D<square> 03BC 006D<squa" +
            "re> 006D 006D<square> 0063 006D<square> 006B 006D<square> 006D 006D 00B2<square> 0063 006D 00B2<squa" +
            "re> 006D 00B2<square> 006B 006D 00B2<square> 006D 006D 00B3<square> 0063 006D 00B3<square> 006D 00B3" +
            "<square> 006B 006D 00B3<square> 006D 2215 0073<square> 006D 2215 0073 00B2<square> 0050 0061<square>" +
            " 006B 0050 0061<square> 004D 0050 0061<square> 0047 0050 0061<square> 0072 0061 0064<square> 0072 00" +
            "61 0064 2215 0073<square> 0072 0061 0064 2215 0073 00B2<square> 0070 0073<square> 006E 0073<square> " +
            "03BC 0073<square> 006D 0073<square> 0070 0056<square> 006E 0056<square> 03BC 0056<square> 006D 0056<" +
            "square> 006B 0056<square> 004D 0056<square> 0070 0057<square> 006E 0057<square> 03BC 0057<square> 00" +
            "6D 0057<square> 006B 0057<square> 004D 0057<square> 006B 03A9<square> 004D 03A9<square> 0061 002E 00" +
            "6D 002E<square> 0042 0071<square> 0063 0063<square> 0063 0064<square> 0043 2215 006B 0067<square> 00" +
            "43 006F 002E<square> 0064 0042<square> 0047 0079<square> 0068 0061<square> 0048 0050<square> 0069 00" +
            "6E<square> 004B 004B<square> 004B 004D<square> 006B 0074<square> 006C 006D<square> 006C 006E<square>" +
            " 006C 006F 0067<square> 006C 0078<square> 006D 0062<square> 006D 0069 006C<square> 006D 006F 006C<sq" +
            "uare> 0050 0048<square> 0070 002E 006D 002E<square> 0050 0050 004D<square> 0050 0052<square> 0073 00" +
            "72<square> 0053 0076<square> 0057 0062<square> 0056 2215 006D<square> 0041 2215 006D<compat> 0031 65" +
            "E5<compat> 0032 65E5<compat> 0033 65E5<compat> 0034 65E5<compat> 0035 65E5<compat> 0036 65E5<compat>" +
            " 0037 65E5<compat> 0038 65E5<compat> 0039 65E5<compat> 0031 0030 65E5<compat> 0031 0031 65E5<compat>" +
            " 0031 0032 65E5<compat> 0031 0033 65E5<compat> 0031 0034 65E5<compat> 0031 0035 65E5<compat> 0031 00" +
            "36 65E5<compat> 0031 0037 65E5<compat> 0031 0038 65E5<compat> 0031 0039 65E5<compat> 0032 0030 65E5<" +
            "compat> 0032 0031 65E5<compat> 0032 0032 65E5<compat> 0032 0033 65E5<compat> 0032 0034 65E5<compat> " +
            "0032 0035 65E5<compat> 0032 0036 65E5<compat> 0032 0037 65E5<compat> 0032 0038 65E5<compat> 0032 003" +
            "9 65E5<compat> 0033 0030 65E5<compat> 0033 0031 65E5<square> 0067 0061 006C<super> 044A<super> 044C<" +
            "super> A76F<super> 0043<super> 0046<super> 0051<super> 0126<super> 0153<super> A727<super> AB37<supe" +
            "r> 026B<super> AB52<super> 028D8C4866F48ECA8CC86ED14E3253E59F9C9F9C595191D15587594861F676697F85863F8" +
            "7BA88F8908F6A026D1B70D973DE843D916A99F14E8253756B04721B862D9E1E5D506FEB85CD896462C981D8881F5ECA67176" +
            "D6A72FC90CE4F8651B752DE64C46AD3721076E780018606865C8DEF97329B6F9DFA788C797F7DA083C993049E7F8AD658DF5" +
            "F047C60807E726278CA8CC296F758D85C626A136DDA6F0F7D2F7E37964B52D2808B51DC51CC7A1C7DBE83F196758B8062CF6" +
            "A028AFE4E395BE7601273877570531778FB4FBF5FA94E0D6CCC65787D2253C3585E770184498AAA6BBA8FB06C8862FE82E56" +
            "3A075654EAE516951C968817CE7826F8AD291CF52F5544259735EEC65C56FFE792A95AD9A6A9E979ECE529B66C66B778F625" +
            "E7461906200649A6F237149748979CA7DF4806F8F2684EE9023934A521752A354BD70C888C28AAA5EC95FF5637B6BAE7C3E7" +
            "3754EE456F95BE75DBA601C73B274697F9A8046923496F6974898184F8B79AE91B496B860E14E8650DA5BEE5C3F65996A027" +
            "1CE764284FC907C9F8D6688962E5289677B67F36D416E9C74097559786B7D10985E516D622E9678502B5D196DEA8F2A5F8B6" +
            "1446817738796865229540F5C656613674E68A86CE5740675E27F7988CF88E191CC96E2533F6EBA541D71D0749885FA96A39" +
            "C579E9F67976DCB81E87ACB7B207C9272C070998B584EC08336523A52075EA662D37CD65B856D1E66B48F3B884C964D898B5" +
            "ED3514055C0585A667451DE732A76CA793C795E7965798F97567CBE7FBD86128AF8903890FD98EF98FC99289DB490DE96B74" +
            "FAE50E7514D52C952E45351559D56065668584058A85C645C6E60946168618E61F2654F65E2669168856D776E1A6F22716E7" +
            "22B74227891793E7949794879507956795D798D798E7A407A817BC07DF47E097E417F72800581ED827982798457891089968" +
            "B018B398CD38D088FB6903896E397FF983B6075242EE82184E2651B551684F805145518052C752FA559D5555559955E2585A" +
            "58B3594459545A625B285ED25ED95F695FAD60D8614E6108618E616061F2623463C4641C6452655666746717671B67566B79" +
            "6BBA6D416EDB6ECB6F22701E716E77A7723572AF732A74717506753B761D761F76CA76DB76F4774A774078CC7AB17BC07C7B" +
            "7D5B7DF47F3E8005835283EF87798941898689968ABF8AF88ACB8B018AFE8AED8B398B8A8D088F38907291999276967C96E3" +
            "975697DB97FF980B983B9B129F9C2284A22844233D53B9D401840392524925CD027ED39F439F8E<compat> 0066 0066<com" +
            "pat> 0066 0069<compat> 0066 006C<compat> 0066 0066 0069<compat> 0066 0066 006C<compat> 017F 0074<com" +
            "pat> 0073 0074<compat> 0574 0576<compat> 0574 0565<compat> 0574 056B<compat> 057E 0576<compat> 0574 " +
            "056D05D9 05B405F2 05B7<font> 05E2<font> 05D0<font> 05D3<font> 05D4<font> 05DB<font> 05DC<font> 05DD<" +
            "font> 05E8<font> 05EA<font> 002B05E9 05C105E9 05C2FB49 05C1FB49 05C205D0 05B705D0 05B805D0 05BC05D1 " +
            "05BC05D2 05BC05D3 05BC05D4 05BC05D5 05BC05D6 05BC05D8 05BC05D9 05BC05DA 05BC05DB 05BC05DC 05BC05DE 0" +
            "5BC05E0 05BC05E1 05BC05E3 05BC05E4 05BC05E6 05BC05E7 05BC05E8 05BC05E9 05BC05EA 05BC05D5 05B905D1 05" +
            "BF05DB 05BF05E4 05BF<compat> 05D0 05DC<isolated> 0671<final> 0671<isolated> 067B<final> 067B<initial" +
            "> 067B<medial> 067B<isolated> 067E<final> 067E<initial> 067E<medial> 067E<isolated> 0680<final> 0680" +
            "<initial> 0680<medial> 0680<isolated> 067A<final> 067A<initial> 067A<medial> 067A<isolated> 067F<fin" +
            "al> 067F<initial> 067F<medial> 067F<isolated> 0679<final> 0679<initial> 0679<medial> 0679<isolated> " +
            "06A4<final> 06A4<initial> 06A4<medial> 06A4<isolated> 06A6<final> 06A6<initial> 06A6<medial> 06A6<is" +
            "olated> 0684<final> 0684<initial> 0684<medial> 0684<isolated> 0683<final> 0683<initial> 0683<medial>" +
            " 0683<isolated> 0686<final> 0686<initial> 0686<medial> 0686<isolated> 0687<final> 0687<initial> 0687" +
            "<medial> 0687<isolated> 068D<final> 068D<isolated> 068C<final> 068C<isolated> 068E<final> 068E<isola" +
            "ted> 0688<final> 0688<isolated> 0698<final> 0698<isolated> 0691<final> 0691<isolated> 06A9<final> 06" +
            "A9<initial> 06A9<medial> 06A9<isolated> 06AF<final> 06AF<initial> 06AF<medial> 06AF<isolated> 06B3<f" +
            "inal> 06B3<initial> 06B3<medial> 06B3<isolated> 06B1<final> 06B1<initial> 06B1<medial> 06B1<isolated" +
            "> 06BA<final> 06BA<isolated> 06BB<final> 06BB<initial> 06BB<medial> 06BB<isolated> 06C0<final> 06C0<" +
            "isolated> 06C1<final> 06C1<initial> 06C1<medial> 06C1<isolated> 06BE<final> 06BE<initial> 06BE<media" +
            "l> 06BE<isolated> 06D2<final> 06D2<isolated> 06D3<final> 06D3<isolated> 06AD<final> 06AD<initial> 06" +
            "AD<medial> 06AD<isolated> 06C7<final> 06C7<isolated> 06C6<final> 06C6<isolated> 06C8<final> 06C8<iso" +
            "lated> 0677<isolated> 06CB<final> 06CB<isolated> 06C5<final> 06C5<isolated> 06C9<final> 06C9<isolate" +
            "d> 06D0<final> 06D0<initial> 06D0<medial> 06D0<initial> 0649<medial> 0649<isolated> 0626 0627<final>" +
            " 0626 0627<isolated> 0626 06D5<final> 0626 06D5<isolated> 0626 0648<final> 0626 0648<isolated> 0626 " +
            "06C7<final> 0626 06C7<isolated> 0626 06C6<final> 0626 06C6<isolated> 0626 06C8<final> 0626 06C8<isol" +
            "ated> 0626 06D0<final> 0626 06D0<initial> 0626 06D0<isolated> 0626 0649<final> 0626 0649<initial> 06" +
            "26 0649<isolated> 06CC<final> 06CC<initial> 06CC<medial> 06CC<isolated> 0626 062C<isolated> 0626 062" +
            "D<isolated> 0626 0645<isolated> 0626 0649<isolated> 0626 064A<isolated> 0628 062C<isolated> 0628 062" +
            "D<isolated> 0628 062E<isolated> 0628 0645<isolated> 0628 0649<isolated> 0628 064A<isolated> 062A 062" +
            "C<isolated> 062A 062D<isolated> 062A 062E<isolated> 062A 0645<isolated> 062A 0649<isolated> 062A 064" +
            "A<isolated> 062B 062C<isolated> 062B 0645<isolated> 062B 0649<isolated> 062B 064A<isolated> 062C 062" +
            "D<isolated> 062C 0645<isolated> 062D 062C<isolated> 062D 0645<isolated> 062E 062C<isolated> 062E 062" +
            "D<isolated> 062E 0645<isolated> 0633 062C<isolated> 0633 062D<isolated> 0633 062E<isolated> 0633 064" +
            "5<isolated> 0635 062D<isolated> 0635 0645<isolated> 0636 062C<isolated> 0636 062D<isolated> 0636 062" +
            "E<isolated> 0636 0645<isolated> 0637 062D<isolated> 0637 0645<isolated> 0638 0645<isolated> 0639 062" +
            "C<isolated> 0639 0645<isolated> 063A 062C<isolated> 063A 0645<isolated> 0641 062C<isolated> 0641 062" +
            "D<isolated> 0641 062E<isolated> 0641 0645<isolated> 0641 0649<isolated> 0641 064A<isolated> 0642 062" +
            "D<isolated> 0642 0645<isolated> 0642 0649<isolated> 0642 064A<isolated> 0643 0627<isolated> 0643 062" +
            "C<isolated> 0643 062D<isolated> 0643 062E<isolated> 0643 0644<isolated> 0643 0645<isolated> 0643 064" +
            "9<isolated> 0643 064A<isolated> 0644 062C<isolated> 0644 062D<isolated> 0644 062E<isolated> 0644 064" +
            "5<isolated> 0644 0649<isolated> 0644 064A<isolated> 0645 062C<isolated> 0645 062D<isolated> 0645 062" +
            "E<isolated> 0645 0645<isolated> 0645 0649<isolated> 0645 064A<isolated> 0646 062C<isolated> 0646 062" +
            "D<isolated> 0646 062E<isolated> 0646 0645<isolated> 0646 0649<isolated> 0646 064A<isolated> 0647 062" +
            "C<isolated> 0647 0645<isolated> 0647 0649<isolated> 0647 064A<isolated> 064A 062C<isolated> 064A 062" +
            "D<isolated> 064A 062E<isolated> 064A 0645<isolated> 064A 0649<isolated> 064A 064A<isolated> 0630 067" +
            "0<isolated> 0631 0670<isolated> 0649 0670<isolated> 0020 064C 0651<isolated> 0020 064D 0651<isolated" +
            "> 0020 064E 0651<isolated> 0020 064F 0651<isolated> 0020 0650 0651<isolated> 0020 0651 0670<final> 0" +
            "626 0631<final> 0626 0632<final> 0626 0645<final> 0626 0646<final> 0626 0649<final> 0626 064A<final>" +
            " 0628 0631<final> 0628 0632<final> 0628 0645<final> 0628 0646<final> 0628 0649<final> 0628 064A<fina" +
            "l> 062A 0631<final> 062A 0632<final> 062A 0645<final> 062A 0646<final> 062A 0649<final> 062A 064A<fi" +
            "nal> 062B 0631<final> 062B 0632<final> 062B 0645<final> 062B 0646<final> 062B 0649<final> 062B 064A<" +
            "final> 0641 0649<final> 0641 064A<final> 0642 0649<final> 0642 064A<final> 0643 0627<final> 0643 064" +
            "4<final> 0643 0645<final> 0643 0649<final> 0643 064A<final> 0644 0645<final> 0644 0649<final> 0644 0" +
            "64A<final> 0645 0627<final> 0645 0645<final> 0646 0631<final> 0646 0632<final> 0646 0645<final> 0646" +
            " 0646<final> 0646 0649<final> 0646 064A<final> 0649 0670<final> 064A 0631<final> 064A 0632<final> 06" +
            "4A 0645<final> 064A 0646<final> 064A 0649<final> 064A 064A<initial> 0626 062C<initial> 0626 062D<ini" +
            "tial> 0626 062E<initial> 0626 0645<initial> 0626 0647<initial> 0628 062C<initial> 0628 062D<initial>" +
            " 0628 062E<initial> 0628 0645<initial> 0628 0647<initial> 062A 062C<initial> 062A 062D<initial> 062A" +
            " 062E<initial> 062A 0645<initial> 062A 0647<initial> 062B 0645<initial> 062C 062D<initial> 062C 0645" +
            "<initial> 062D 062C<initial> 062D 0645<initial> 062E 062C<initial> 062E 0645<initial> 0633 062C<init" +
            "ial> 0633 062D<initial> 0633 062E<initial> 0633 0645<initial> 0635 062D<initial> 0635 062E<initial> " +
            "0635 0645<initial> 0636 062C<initial> 0636 062D<initial> 0636 062E<initial> 0636 0645<initial> 0637 " +
            "062D<initial> 0638 0645<initial> 0639 062C<initial> 0639 0645<initial> 063A 062C<initial> 063A 0645<" +
            "initial> 0641 062C<initial> 0641 062D<initial> 0641 062E<initial> 0641 0645<initial> 0642 062D<initi" +
            "al> 0642 0645<initial> 0643 062C<initial> 0643 062D<initial> 0643 062E<initial> 0643 0644<initial> 0" +
            "643 0645<initial> 0644 062C<initial> 0644 062D<initial> 0644 062E<initial> 0644 0645<initial> 0644 0" +
            "647<initial> 0645 062C<initial> 0645 062D<initial> 0645 062E<initial> 0645 0645<initial> 0646 062C<i" +
            "nitial> 0646 062D<initial> 0646 062E<initial> 0646 0645<initial> 0646 0647<initial> 0647 062C<initia" +
            "l> 0647 0645<initial> 0647 0670<initial> 064A 062C<initial> 064A 062D<initial> 064A 062E<initial> 06" +
            "4A 0645<initial> 064A 0647<medial> 0626 0645<medial> 0626 0647<medial> 0628 0645<medial> 0628 0647<m" +
            "edial> 062A 0645<medial> 062A 0647<medial> 062B 0645<medial> 062B 0647<medial> 0633 0645<medial> 063" +
            "3 0647<medial> 0634 0645<medial> 0634 0647<medial> 0643 0644<medial> 0643 0645<medial> 0644 0645<med" +
            "ial> 0646 0645<medial> 0646 0647<medial> 064A 0645<medial> 064A 0647<medial> 0640 064E 0651<medial> " +
            "0640 064F 0651<medial> 0640 0650 0651<isolated> 0637 0649<isolated> 0637 064A<isolated> 0639 0649<is" +
            "olated> 0639 064A<isolated> 063A 0649<isolated> 063A 064A<isolated> 0633 0649<isolated> 0633 064A<is" +
            "olated> 0634 0649<isolated> 0634 064A<isolated> 062D 0649<isolated> 062D 064A<isolated> 062C 0649<is" +
            "olated> 062C 064A<isolated> 062E 0649<isolated> 062E 064A<isolated> 0635 0649<isolated> 0635 064A<is" +
            "olated> 0636 0649<isolated> 0636 064A<isolated> 0634 062C<isolated> 0634 062D<isolated> 0634 062E<is" +
            "olated> 0634 0645<isolated> 0634 0631<isolated> 0633 0631<isolated> 0635 0631<isolated> 0636 0631<fi" +
            "nal> 0637 0649<final> 0637 064A<final> 0639 0649<final> 0639 064A<final> 063A 0649<final> 063A 064A<" +
            "final> 0633 0649<final> 0633 064A<final> 0634 0649<final> 0634 064A<final> 062D 0649<final> 062D 064" +
            "A<final> 062C 0649<final> 062C 064A<final> 062E 0649<final> 062E 064A<final> 0635 0649<final> 0635 0" +
            "64A<final> 0636 0649<final> 0636 064A<final> 0634 062C<final> 0634 062D<final> 0634 062E<final> 0634" +
            " 0645<final> 0634 0631<final> 0633 0631<final> 0635 0631<final> 0636 0631<initial> 0634 062C<initial" +
            "> 0634 062D<initial> 0634 062E<initial> 0634 0645<initial> 0633 0647<initial> 0634 0647<initial> 063" +
            "7 0645<medial> 0633 062C<medial> 0633 062D<medial> 0633 062E<medial> 0634 062C<medial> 0634 062D<med" +
            "ial> 0634 062E<medial> 0637 0645<medial> 0638 0645<final> 0627 064B<isolated> 0627 064B<initial> 062" +
            "A 062C 0645<final> 062A 062D 062C<initial> 062A 062D 062C<initial> 062A 062D 0645<initial> 062A 062E" +
            " 0645<initial> 062A 0645 062C<initial> 062A 0645 062D<initial> 062A 0645 062E<final> 062C 0645 062D<" +
            "initial> 062C 0645 062D<final> 062D 0645 064A<final> 062D 0645 0649<initial> 0633 062D 062C<initial>" +
            " 0633 062C 062D<final> 0633 062C 0649<final> 0633 0645 062D<initial> 0633 0645 062D<initial> 0633 06" +
            "45 062C<final> 0633 0645 0645<initial> 0633 0645 0645<final> 0635 062D 062D<initial> 0635 062D 062D<" +
            "final> 0635 0645 0645<final> 0634 062D 0645<initial> 0634 062D 0645<final> 0634 062C 064A<final> 063" +
            "4 0645 062E<initial> 0634 0645 062E<final> 0634 0645 0645<initial> 0634 0645 0645<final> 0636 062D 0" +
            "649<final> 0636 062E 0645<initial> 0636 062E 0645<final> 0637 0645 062D<initial> 0637 0645 062D<init" +
            "ial> 0637 0645 0645<final> 0637 0645 064A<final> 0639 062C 0645<final> 0639 0645 0645<initial> 0639 " +
            "0645 0645<final> 0639 0645 0649<final> 063A 0645 0645<final> 063A 0645 064A<final> 063A 0645 0649<fi" +
            "nal> 0641 062E 0645<initial> 0641 062E 0645<final> 0642 0645 062D<final> 0642 0645 0645<final> 0644 " +
            "062D 0645<final> 0644 062D 064A<final> 0644 062D 0649<initial> 0644 062C 062C<final> 0644 062C 062C<" +
            "final> 0644 062E 0645<initial> 0644 062E 0645<final> 0644 0645 062D<initial> 0644 0645 062D<initial>" +
            " 0645 062D 062C<initial> 0645 062D 0645<final> 0645 062D 064A<initial> 0645 062C 062D<initial> 0645 " +
            "062C 0645<initial> 0645 062E 062C<initial> 0645 062E 0645<initial> 0645 062C 062E<initial> 0647 0645" +
            " 062C<initial> 0647 0645 0645<initial> 0646 062D 0645<final> 0646 062D 0649<final> 0646 062C 0645<in" +
            "itial> 0646 062C 0645<final> 0646 062C 0649<final> 0646 0645 064A<final> 0646 0645 0649<final> 064A " +
            "0645 0645<initial> 064A 0645 0645<final> 0628 062E 064A<final> 062A 062C 064A<final> 062A 062C 0649<" +
            "final> 062A 062E 064A<final> 062A 062E 0649<final> 062A 0645 064A<final> 062A 0645 0649<final> 062C " +
            "0645 064A<final> 062C 062D 0649<final> 062C 0645 0649<final> 0633 062E 0649<final> 0635 062D 064A<fi" +
            "nal> 0634 062D 064A<final> 0636 062D 064A<final> 0644 062C 064A<final> 0644 0645 064A<final> 064A 06" +
            "2D 064A<final> 064A 062C 064A<final> 064A 0645 064A<final> 0645 0645 064A<final> 0642 0645 064A<fina" +
            "l> 0646 062D 064A<initial> 0642 0645 062D<initial> 0644 062D 0645<final> 0639 0645 064A<final> 0643 " +
            "0645 064A<initial> 0646 062C 062D<final> 0645 062E 064A<initial> 0644 062C 0645<final> 0643 0645 064" +
            "5<final> 0644 062C 0645<final> 0646 062C 062D<final> 062C 062D 064A<final> 062D 062C 064A<final> 064" +
            "5 062C 064A<final> 0641 0645 064A<final> 0628 062D 064A<initial> 0643 0645 0645<initial> 0639 062C 0" +
            "645<initial> 0635 0645 0645<final> 0633 062E 064A<final> 0646 062C 064A<isolated> 0635 0644 06D2<iso" +
            "lated> 0642 0644 06D2<isolated> 0627 0644 0644 0647<isolated> 0627 0643 0628 0631<isolated> 0645 062" +
            "D 0645 062F<isolated> 0635 0644 0639 0645<isolated> 0631 0633 0648 0644<isolated> 0639 0644 064A 064" +
            "7<isolated> 0648 0633 0644 0645<isolated> 0635 0644 0649<isolated> 0635 0644 0649 0020 0627 0644 064" +
            "4 0647 0020 0639 0644 064A 0647 0020 0648 0633 0644 0645<isolated> 062C 0644 0020 062C 0644 0627 064" +
            "4 0647<isolated> 0631 06CC 0627 0644<vertical> 002C<vertical> 3001<vertical> 3002<vertical> 003A<ver" +
            "tical> 003B<vertical> 0021<vertical> 003F<vertical> 3016<vertical> 3017<vertical> 2026<vertical> 202" +
            "5<vertical> 2014<vertical> 2013<vertical> 005F<vertical> 005F<vertical> 0028<vertical> 0029<vertical" +
            "> 007B<vertical> 007D<vertical> 3014<vertical> 3015<vertical> 3010<vertical> 3011<vertical> 300A<ver" +
            "tical> 300B<vertical> 3008<vertical> 3009<vertical> 300C<vertical> 300D<vertical> 300E<vertical> 300" +
            "F<vertical> 005B<vertical> 005D<compat> 203E<compat> 203E<compat> 203E<compat> 203E<compat> 005F<com" +
            "pat> 005F<compat> 005F<small> 002C<small> 3001<small> 002E<small> 003B<small> 003A<small> 003F<small" +
            "> 0021<small> 2014<small> 0028<small> 0029<small> 007B<small> 007D<small> 3014<small> 3015<small> 00" +
            "23<small> 0026<small> 002A<small> 002B<small> 002D<small> 003C<small> 003E<small> 003D<small> 005C<s" +
            "mall> 0024<small> 0025<small> 0040<isolated> 0020 064B<medial> 0640 064B<isolated> 0020 064C<isolate" +
            "d> 0020 064D<isolated> 0020 064E<medial> 0640 064E<isolated> 0020 064F<medial> 0640 064F<isolated> 0" +
            "020 0650<medial> 0640 0650<isolated> 0020 0651<medial> 0640 0651<isolated> 0020 0652<medial> 0640 06" +
            "52<isolated> 0621<isolated> 0622<final> 0622<isolated> 0623<final> 0623<isolated> 0624<final> 0624<i" +
            "solated> 0625<final> 0625<isolated> 0626<final> 0626<initial> 0626<medial> 0626<isolated> 0627<final" +
            "> 0627<isolated> 0628<final> 0628<initial> 0628<medial> 0628<isolated> 0629<final> 0629<isolated> 06" +
            "2A<final> 062A<initial> 062A<medial> 062A<isolated> 062B<final> 062B<initial> 062B<medial> 062B<isol" +
            "ated> 062C<final> 062C<initial> 062C<medial> 062C<isolated> 062D<final> 062D<initial> 062D<medial> 0" +
            "62D<isolated> 062E<final> 062E<initial> 062E<medial> 062E<isolated> 062F<final> 062F<isolated> 0630<" +
            "final> 0630<isolated> 0631<final> 0631<isolated> 0632<final> 0632<isolated> 0633<final> 0633<initial" +
            "> 0633<medial> 0633<isolated> 0634<final> 0634<initial> 0634<medial> 0634<isolated> 0635<final> 0635" +
            "<initial> 0635<medial> 0635<isolated> 0636<final> 0636<initial> 0636<medial> 0636<isolated> 0637<fin" +
            "al> 0637<initial> 0637<medial> 0637<isolated> 0638<final> 0638<initial> 0638<medial> 0638<isolated> " +
            "0639<final> 0639<initial> 0639<medial> 0639<isolated> 063A<final> 063A<initial> 063A<medial> 063A<is" +
            "olated> 0641<final> 0641<initial> 0641<medial> 0641<isolated> 0642<final> 0642<initial> 0642<medial>" +
            " 0642<isolated> 0643<final> 0643<initial> 0643<medial> 0643<isolated> 0644<final> 0644<initial> 0644" +
            "<medial> 0644<isolated> 0645<final> 0645<initial> 0645<medial> 0645<isolated> 0646<final> 0646<initi" +
            "al> 0646<medial> 0646<isolated> 0647<final> 0647<initial> 0647<medial> 0647<isolated> 0648<final> 06" +
            "48<isolated> 0649<final> 0649<isolated> 064A<final> 064A<initial> 064A<medial> 064A<isolated> 0644 0" +
            "622<final> 0644 0622<isolated> 0644 0623<final> 0644 0623<isolated> 0644 0625<final> 0644 0625<isola" +
            "ted> 0644 0627<final> 0644 0627<wide> 0021<wide> 0022<wide> 0023<wide> 0024<wide> 0025<wide> 0026<wi" +
            "de> 0027<wide> 0028<wide> 0029<wide> 002A<wide> 002B<wide> 002C<wide> 002D<wide> 002E<wide> 002F<wid" +
            "e> 0030<wide> 0031<wide> 0032<wide> 0033<wide> 0034<wide> 0035<wide> 0036<wide> 0037<wide> 0038<wide" +
            "> 0039<wide> 003A<wide> 003B<wide> 003C<wide> 003D<wide> 003E<wide> 003F<wide> 0040<wide> 0041<wide>" +
            " 0042<wide> 0043<wide> 0044<wide> 0045<wide> 0046<wide> 0047<wide> 0048<wide> 0049<wide> 004A<wide> " +
            "004B<wide> 004C<wide> 004D<wide> 004E<wide> 004F<wide> 0050<wide> 0051<wide> 0052<wide> 0053<wide> 0" +
            "054<wide> 0055<wide> 0056<wide> 0057<wide> 0058<wide> 0059<wide> 005A<wide> 005B<wide> 005C<wide> 00" +
            "5D<wide> 005E<wide> 005F<wide> 0060<wide> 0061<wide> 0062<wide> 0063<wide> 0064<wide> 0065<wide> 006" +
            "6<wide> 0067<wide> 0068<wide> 0069<wide> 006A<wide> 006B<wide> 006C<wide> 006D<wide> 006E<wide> 006F" +
            "<wide> 0070<wide> 0071<wide> 0072<wide> 0073<wide> 0074<wide> 0075<wide> 0076<wide> 0077<wide> 0078<" +
            "wide> 0079<wide> 007A<wide> 007B<wide> 007C<wide> 007D<wide> 007E<wide> 2985<wide> 2986<narrow> 3002" +
            "<narrow> 300C<narrow> 300D<narrow> 3001<narrow> 30FB<narrow> 30F2<narrow> 30A1<narrow> 30A3<narrow> " +
            "30A5<narrow> 30A7<narrow> 30A9<narrow> 30E3<narrow> 30E5<narrow> 30E7<narrow> 30C3<narrow> 30FC<narr" +
            "ow> 30A2<narrow> 30A4<narrow> 30A6<narrow> 30A8<narrow> 30AA<narrow> 30AB<narrow> 30AD<narrow> 30AF<" +
            "narrow> 30B1<narrow> 30B3<narrow> 30B5<narrow> 30B7<narrow> 30B9<narrow> 30BB<narrow> 30BD<narrow> 3" +
            "0BF<narrow> 30C1<narrow> 30C4<narrow> 30C6<narrow> 30C8<narrow> 30CA<narrow> 30CB<narrow> 30CC<narro" +
            "w> 30CD<narrow> 30CE<narrow> 30CF<narrow> 30D2<narrow> 30D5<narrow> 30D8<narrow> 30DB<narrow> 30DE<n" +
            "arrow> 30DF<narrow> 30E0<narrow> 30E1<narrow> 30E2<narrow> 30E4<narrow> 30E6<narrow> 30E8<narrow> 30" +
            "E9<narrow> 30EA<narrow> 30EB<narrow> 30EC<narrow> 30ED<narrow> 30EF<narrow> 30F3<narrow> 3099<narrow" +
            "> 309A<narrow> 3164<narrow> 3131<narrow> 3132<narrow> 3133<narrow> 3134<narrow> 3135<narrow> 3136<na" +
            "rrow> 3137<narrow> 3138<narrow> 3139<narrow> 313A<narrow> 313B<narrow> 313C<narrow> 313D<narrow> 313" +
            "E<narrow> 313F<narrow> 3140<narrow> 3141<narrow> 3142<narrow> 3143<narrow> 3144<narrow> 3145<narrow>" +
            " 3146<narrow> 3147<narrow> 3148<narrow> 3149<narrow> 314A<narrow> 314B<narrow> 314C<narrow> 314D<nar" +
            "row> 314E<narrow> 314F<narrow> 3150<narrow> 3151<narrow> 3152<narrow> 3153<narrow> 3154<narrow> 3155" +
            "<narrow> 3156<narrow> 3157<narrow> 3158<narrow> 3159<narrow> 315A<narrow> 315B<narrow> 315C<narrow> " +
            "315D<narrow> 315E<narrow> 315F<narrow> 3160<narrow> 3161<narrow> 3162<narrow> 3163<wide> 00A2<wide> " +
            "00A3<wide> 00AC<wide> 00AF<wide> 00A6<wide> 00A5<wide> 20A9<narrow> 2502<narrow> 2190<narrow> 2191<n" +
            "arrow> 2192<narrow> 2193<narrow> 25A0<narrow> 25CB105D2 0307105DA 0307<super> 02D0<super> 02D1<super" +
            "> 00E6<super> 0299<super> 0253<super> 02A3<super> AB66<super> 02A5<super> 02A4<super> 0256<super> 02" +
            "57<super> 1D91<super> 0258<super> 025E<super> 02A9<super> 0264<super> 0262<super> 0260<super> 029B<s" +
            "uper> 0127<super> 029C<super> 0267<super> 0284<super> 02AA<super> 02AB<super> 026C<super> 1DF04<supe" +
            "r> A78E<super> 026E<super> 1DF05<super> 028E<super> 1DF06<super> 00F8<super> 0276<super> 0277<super>" +
            " 0071<super> 027A<super> 1DF08<super> 027D<super> 027E<super> 0280<super> 02A8<super> 02A6<super> AB" +
            "67<super> 02A7<super> 0288<super> 2C71<super> 028F<super> 02A1<super> 02A2<super> 0298<super> 01C0<s" +
            "uper> 01C1<super> 01C2<super> 1DF0A<super> 1DF1E11099 110BA1109B 110BA110A5 110BA11131 1112711132 11" +
            "12711347 1133E11347 1135711382 113C911384 113BB1138B 113C211390 113C9113C2 113C2113C2 113B8113C2 113" +
            "C9114B9 114BA114B9 114B0114B9 114BD115B8 115AF115B9 115AF11935 119301611E 1611E1611E 161291611E 1611" +
            "F16129 1611F1611E 1612016121 1611F16122 1611F16121 1612016D67 16D6716D63 16D6716D69 16D67<font> 0041" +
            "<font> 0042<font> 0043<font> 0044<font> 0045<font> 0046<font> 0047<font> 0048<font> 0049<font> 004A<" +
            "font> 004B<font> 004C<font> 004D<font> 004E<font> 004F<font> 0050<font> 0051<font> 0052<font> 0053<f" +
            "ont> 0054<font> 0055<font> 0056<font> 0057<font> 0058<font> 0059<font> 005A<font> 0030<font> 0031<fo" +
            "nt> 0032<font> 0033<font> 0034<font> 0035<font> 0036<font> 0037<font> 0038<font> 00391D157 1D1651D15" +
            "8 1D1651D15F 1D16E1D15F 1D16F1D15F 1D1701D15F 1D1711D15F 1D1721D1B9 1D1651D1BA 1D1651D1BB 1D16E1D1BC" +
            " 1D16E1D1BB 1D16F1D1BC 1D16F<font> 0041<font> 0042<font> 0043<font> 0044<font> 0045<font> 0046<font>" +
            " 0047<font> 0048<font> 0049<font> 004A<font> 004B<font> 004C<font> 004D<font> 004E<font> 004F<font> " +
            "0050<font> 0051<font> 0052<font> 0053<font> 0054<font> 0055<font> 0056<font> 0057<font> 0058<font> 0" +
            "059<font> 005A<font> 0061<font> 0062<font> 0063<font> 0064<font> 0065<font> 0066<font> 0067<font> 00" +
            "68<font> 0069<font> 006A<font> 006B<font> 006C<font> 006D<font> 006E<font> 006F<font> 0070<font> 007" +
            "1<font> 0072<font> 0073<font> 0074<font> 0075<font> 0076<font> 0077<font> 0078<font> 0079<font> 007A" +
            "<font> 0041<font> 0042<font> 0043<font> 0044<font> 0045<font> 0046<font> 0047<font> 0048<font> 0049<" +
            "font> 004A<font> 004B<font> 004C<font> 004D<font> 004E<font> 004F<font> 0050<font> 0051<font> 0052<f" +
            "ont> 0053<font> 0054<font> 0055<font> 0056<font> 0057<font> 0058<font> 0059<font> 005A<font> 0061<fo" +
            "nt> 0062<font> 0063<font> 0064<font> 0065<font> 0066<font> 0067<font> 0069<font> 006A<font> 006B<fon" +
            "t> 006C<font> 006D<font> 006E<font> 006F<font> 0070<font> 0071<font> 0072<font> 0073<font> 0074<font" +
            "> 0075<font> 0076<font> 0077<font> 0078<font> 0079<font> 007A<font> 0041<font> 0042<font> 0043<font>" +
            " 0044<font> 0045<font> 0046<font> 0047<font> 0048<font> 0049<font> 004A<font> 004B<font> 004C<font> " +
            "004D<font> 004E<font> 004F<font> 0050<font> 0051<font> 0052<font> 0053<font> 0054<font> 0055<font> 0" +
            "056<font> 0057<font> 0058<font> 0059<font> 005A<font> 0061<font> 0062<font> 0063<font> 0064<font> 00" +
            "65<font> 0066<font> 0067<font> 0068<font> 0069<font> 006A<font> 006B<font> 006C<font> 006D<font> 006" +
            "E<font> 006F<font> 0070<font> 0071<font> 0072<font> 0073<font> 0074<font> 0075<font> 0076<font> 0077" +
            "<font> 0078<font> 0079<font> 007A<font> 0041<font> 0043<font> 0044<font> 0047<font> 004A<font> 004B<" +
            "font> 004E<font> 004F<font> 0050<font> 0051<font> 0053<font> 0054<font> 0055<font> 0056<font> 0057<f" +
            "ont> 0058<font> 0059<font> 005A<font> 0061<font> 0062<font> 0063<font> 0064<font> 0066<font> 0068<fo" +
            "nt> 0069<font> 006A<font> 006B<font> 006C<font> 006D<font> 006E<font> 0070<font> 0071<font> 0072<fon" +
            "t> 0073<font> 0074<font> 0075<font> 0076<font> 0077<font> 0078<font> 0079<font> 007A<font> 0041<font" +
            "> 0042<font> 0043<font> 0044<font> 0045<font> 0046<font> 0047<font> 0048<font> 0049<font> 004A<font>" +
            " 004B<font> 004C<font> 004D<font> 004E<font> 004F<font> 0050<font> 0051<font> 0052<font> 0053<font> " +
            "0054<font> 0055<font> 0056<font> 0057<font> 0058<font> 0059<font> 005A<font> 0061<font> 0062<font> 0" +
            "063<font> 0064<font> 0065<font> 0066<font> 0067<font> 0068<font> 0069<font> 006A<font> 006B<font> 00" +
            "6C<font> 006D<font> 006E<font> 006F<font> 0070<font> 0071<font> 0072<font> 0073<font> 0074<font> 007" +
            "5<font> 0076<font> 0077<font> 0078<font> 0079<font> 007A<font> 0041<font> 0042<font> 0044<font> 0045" +
            "<font> 0046<font> 0047<font> 004A<font> 004B<font> 004C<font> 004D<font> 004E<font> 004F<font> 0050<" +
            "font> 0051<font> 0053<font> 0054<font> 0055<font> 0056<font> 0057<font> 0058<font> 0059<font> 0061<f" +
            "ont> 0062<font> 0063<font> 0064<font> 0065<font> 0066<font> 0067<font> 0068<font> 0069<font> 006A<fo" +
            "nt> 006B<font> 006C<font> 006D<font> 006E<font> 006F<font> 0070<font> 0071<font> 0072<font> 0073<fon" +
            "t> 0074<font> 0075<font> 0076<font> 0077<font> 0078<font> 0079<font> 007A<font> 0041<font> 0042<font" +
            "> 0044<font> 0045<font> 0046<font> 0047<font> 0049<font> 004A<font> 004B<font> 004C<font> 004D<font>" +
            " 004F<font> 0053<font> 0054<font> 0055<font> 0056<font> 0057<font> 0058<font> 0059<font> 0061<font> " +
            "0062<font> 0063<font> 0064<font> 0065<font> 0066<font> 0067<font> 0068<font> 0069<font> 006A<font> 0" +
            "06B<font> 006C<font> 006D<font> 006E<font> 006F<font> 0070<font> 0071<font> 0072<font> 0073<font> 00" +
            "74<font> 0075<font> 0076<font> 0077<font> 0078<font> 0079<font> 007A<font> 0041<font> 0042<font> 004" +
            "3<font> 0044<font> 0045<font> 0046<font> 0047<font> 0048<font> 0049<font> 004A<font> 004B<font> 004C" +
            "<font> 004D<font> 004E<font> 004F<font> 0050<font> 0051<font> 0052<font> 0053<font> 0054<font> 0055<" +
            "font> 0056<font> 0057<font> 0058<font> 0059<font> 005A<font> 0061<font> 0062<font> 0063<font> 0064<f" +
            "ont> 0065<font> 0066<font> 0067<font> 0068<font> 0069<font> 006A<font> 006B<font> 006C<font> 006D<fo" +
            "nt> 006E<font> 006F<font> 0070<font> 0071<font> 0072<font> 0073<font> 0074<font> 0075<font> 0076<fon" +
            "t> 0077<font> 0078<font> 0079<font> 007A<font> 0041<font> 0042<font> 0043<font> 0044<font> 0045<font" +
            "> 0046<font> 0047<font> 0048<font> 0049<font> 004A<font> 004B<font> 004C<font> 004D<font> 004E<font>" +
            " 004F<font> 0050<font> 0051<font> 0052<font> 0053<font> 0054<font> 0055<font> 0056<font> 0057<font> " +
            "0058<font> 0059<font> 005A<font> 0061<font> 0062<font> 0063<font> 0064<font> 0065<font> 0066<font> 0" +
            "067<font> 0068<font> 0069<font> 006A<font> 006B<font> 006C<font> 006D<font> 006E<font> 006F<font> 00" +
            "70<font> 0071<font> 0072<font> 0073<font> 0074<font> 0075<font> 0076<font> 0077<font> 0078<font> 007" +
            "9<font> 007A<font> 0041<font> 0042<font> 0043<font> 0044<font> 0045<font> 0046<font> 0047<font> 0048" +
            "<font> 0049<font> 004A<font> 004B<font> 004C<font> 004D<font> 004E<font> 004F<font> 0050<font> 0051<" +
            "font> 0052<font> 0053<font> 0054<font> 0055<font> 0056<font> 0057<font> 0058<font> 0059<font> 005A<f" +
            "ont> 0061<font> 0062<font> 0063<font> 0064<font> 0065<font> 0066<font> 0067<font> 0068<font> 0069<fo" +
            "nt> 006A<font> 006B<font> 006C<font> 006D<font> 006E<font> 006F<font> 0070<font> 0071<font> 0072<fon" +
            "t> 0073<font> 0074<font> 0075<font> 0076<font> 0077<font> 0078<font> 0079<font> 007A<font> 0041<font" +
            "> 0042<font> 0043<font> 0044<font> 0045<font> 0046<font> 0047<font> 0048<font> 0049<font> 004A<font>" +
            " 004B<font> 004C<font> 004D<font> 004E<font> 004F<font> 0050<font> 0051<font> 0052<font> 0053<font> " +
            "0054<font> 0055<font> 0056<font> 0057<font> 0058<font> 0059<font> 005A<font> 0061<font> 0062<font> 0" +
            "063<font> 0064<font> 0065<font> 0066<font> 0067<font> 0068<font> 0069<font> 006A<font> 006B<font> 00" +
            "6C<font> 006D<font> 006E<font> 006F<font> 0070<font> 0071<font> 0072<font> 0073<font> 0074<font> 007" +
            "5<font> 0076<font> 0077<font> 0078<font> 0079<font> 007A<font> 0041<font> 0042<font> 0043<font> 0044" +
            "<font> 0045<font> 0046<font> 0047<font> 0048<font> 0049<font> 004A<font> 004B<font> 004C<font> 004D<" +
            "font> 004E<font> 004F<font> 0050<font> 0051<font> 0052<font> 0053<font> 0054<font> 0055<font> 0056<f" +
            "ont> 0057<font> 0058<font> 0059<font> 005A<font> 0061<font> 0062<font> 0063<font> 0064<font> 0065<fo" +
            "nt> 0066<font> 0067<font> 0068<font> 0069<font> 006A<font> 006B<font> 006C<font> 006D<font> 006E<fon" +
            "t> 006F<font> 0070<font> 0071<font> 0072<font> 0073<font> 0074<font> 0075<font> 0076<font> 0077<font" +
            "> 0078<font> 0079<font> 007A<font> 0041<font> 0042<font> 0043<font> 0044<font> 0045<font> 0046<font>" +
            " 0047<font> 0048<font> 0049<font> 004A<font> 004B<font> 004C<font> 004D<font> 004E<font> 004F<font> " +
            "0050<font> 0051<font> 0052<font> 0053<font> 0054<font> 0055<font> 0056<font> 0057<font> 0058<font> 0" +
            "059<font> 005A<font> 0061<font> 0062<font> 0063<font> 0064<font> 0065<font> 0066<font> 0067<font> 00" +
            "68<font> 0069<font> 006A<font> 006B<font> 006C<font> 006D<font> 006E<font> 006F<font> 0070<font> 007" +
            "1<font> 0072<font> 0073<font> 0074<font> 0075<font> 0076<font> 0077<font> 0078<font> 0079<font> 007A" +
            "<font> 0131<font> 0237<font> 0391<font> 0392<font> 0393<font> 0394<font> 0395<font> 0396<font> 0397<" +
            "font> 0398<font> 0399<font> 039A<font> 039B<font> 039C<font> 039D<font> 039E<font> 039F<font> 03A0<f" +
            "ont> 03A1<font> 03F4<font> 03A3<font> 03A4<font> 03A5<font> 03A6<font> 03A7<font> 03A8<font> 03A9<fo" +
            "nt> 2207<font> 03B1<font> 03B2<font> 03B3<font> 03B4<font> 03B5<font> 03B6<font> 03B7<font> 03B8<fon" +
            "t> 03B9<font> 03BA<font> 03BB<font> 03BC<font> 03BD<font> 03BE<font> 03BF<font> 03C0<font> 03C1<font" +
            "> 03C2<font> 03C3<font> 03C4<font> 03C5<font> 03C6<font> 03C7<font> 03C8<font> 03C9<font> 2202<font>" +
            " 03F5<font> 03D1<font> 03F0<font> 03D5<font> 03F1<font> 03D6<font> 0391<font> 0392<font> 0393<font> " +
            "0394<font> 0395<font> 0396<font> 0397<font> 0398<font> 0399<font> 039A<font> 039B<font> 039C<font> 0" +
            "39D<font> 039E<font> 039F<font> 03A0<font> 03A1<font> 03F4<font> 03A3<font> 03A4<font> 03A5<font> 03" +
            "A6<font> 03A7<font> 03A8<font> 03A9<font> 2207<font> 03B1<font> 03B2<font> 03B3<font> 03B4<font> 03B" +
            "5<font> 03B6<font> 03B7<font> 03B8<font> 03B9<font> 03BA<font> 03BB<font> 03BC<font> 03BD<font> 03BE" +
            "<font> 03BF<font> 03C0<font> 03C1<font> 03C2<font> 03C3<font> 03C4<font> 03C5<font> 03C6<font> 03C7<" +
            "font> 03C8<font> 03C9<font> 2202<font> 03F5<font> 03D1<font> 03F0<font> 03D5<font> 03F1<font> 03D6<f" +
            "ont> 0391<font> 0392<font> 0393<font> 0394<font> 0395<font> 0396<font> 0397<font> 0398<font> 0399<fo" +
            "nt> 039A<font> 039B<font> 039C<font> 039D<font> 039E<font> 039F<font> 03A0<font> 03A1<font> 03F4<fon" +
            "t> 03A3<font> 03A4<font> 03A5<font> 03A6<font> 03A7<font> 03A8<font> 03A9<font> 2207<font> 03B1<font" +
            "> 03B2<font> 03B3<font> 03B4<font> 03B5<font> 03B6<font> 03B7<font> 03B8<font> 03B9<font> 03BA<font>" +
            " 03BB<font> 03BC<font> 03BD<font> 03BE<font> 03BF<font> 03C0<font> 03C1<font> 03C2<font> 03C3<font> " +
            "03C4<font> 03C5<font> 03C6<font> 03C7<font> 03C8<font> 03C9<font> 2202<font> 03F5<font> 03D1<font> 0" +
            "3F0<font> 03D5<font> 03F1<font> 03D6<font> 0391<font> 0392<font> 0393<font> 0394<font> 0395<font> 03" +
            "96<font> 0397<font> 0398<font> 0399<font> 039A<font> 039B<font> 039C<font> 039D<font> 039E<font> 039" +
            "F<font> 03A0<font> 03A1<font> 03F4<font> 03A3<font> 03A4<font> 03A5<font> 03A6<font> 03A7<font> 03A8" +
            "<font> 03A9<font> 2207<font> 03B1<font> 03B2<font> 03B3<font> 03B4<font> 03B5<font> 03B6<font> 03B7<" +
            "font> 03B8<font> 03B9<font> 03BA<font> 03BB<font> 03BC<font> 03BD<font> 03BE<font> 03BF<font> 03C0<f" +
            "ont> 03C1<font> 03C2<font> 03C3<font> 03C4<font> 03C5<font> 03C6<font> 03C7<font> 03C8<font> 03C9<fo" +
            "nt> 2202<font> 03F5<font> 03D1<font> 03F0<font> 03D5<font> 03F1<font> 03D6<font> 0391<font> 0392<fon" +
            "t> 0393<font> 0394<font> 0395<font> 0396<font> 0397<font> 0398<font> 0399<font> 039A<font> 039B<font" +
            "> 039C<font> 039D<font> 039E<font> 039F<font> 03A0<font> 03A1<font> 03F4<font> 03A3<font> 03A4<font>" +
            " 03A5<font> 03A6<font> 03A7<font> 03A8<font> 03A9<font> 2207<font> 03B1<font> 03B2<font> 03B3<font> " +
            "03B4<font> 03B5<font> 03B6<font> 03B7<font> 03B8<font> 03B9<font> 03BA<font> 03BB<font> 03BC<font> 0" +
            "3BD<font> 03BE<font> 03BF<font> 03C0<font> 03C1<font> 03C2<font> 03C3<font> 03C4<font> 03C5<font> 03" +
            "C6<font> 03C7<font> 03C8<font> 03C9<font> 2202<font> 03F5<font> 03D1<font> 03F0<font> 03D5<font> 03F" +
            "1<font> 03D6<font> 03DC<font> 03DD<font> 0030<font> 0031<font> 0032<font> 0033<font> 0034<font> 0035" +
            "<font> 0036<font> 0037<font> 0038<font> 0039<font> 0030<font> 0031<font> 0032<font> 0033<font> 0034<" +
            "font> 0035<font> 0036<font> 0037<font> 0038<font> 0039<font> 0030<font> 0031<font> 0032<font> 0033<f" +
            "ont> 0034<font> 0035<font> 0036<font> 0037<font> 0038<font> 0039<font> 0030<font> 0031<font> 0032<fo" +
            "nt> 0033<font> 0034<font> 0035<font> 0036<font> 0037<font> 0038<font> 0039<font> 0030<font> 0031<fon" +
            "t> 0032<font> 0033<font> 0034<font> 0035<font> 0036<font> 0037<font> 0038<font> 0039<super> 0430<sup" +
            "er> 0431<super> 0432<super> 0433<super> 0434<super> 0435<super> 0436<super> 0437<super> 0438<super> " +
            "043A<super> 043B<super> 043C<super> 043E<super> 043F<super> 0440<super> 0441<super> 0442<super> 0443" +
            "<super> 0444<super> 0445<super> 0446<super> 0447<super> 0448<super> 044B<super> 044D<super> 044E<sup" +
            "er> A689<super> 04D9<super> 0456<super> 0458<super> 04E9<super> 04AF<super> 04CF<sub> 0430<sub> 0431" +
            "<sub> 0432<sub> 0433<sub> 0434<sub> 0435<sub> 0436<sub> 0437<sub> 0438<sub> 043A<sub> 043B<sub> 043E" +
            "<sub> 043F<sub> 0441<sub> 0443<sub> 0444<sub> 0445<sub> 0446<sub> 0447<sub> 0448<sub> 044A<sub> 044B" +
            "<sub> 0491<sub> 0456<sub> 0455<sub> 045F<super> 04AB<super> A651<super> 04B1<font> 0627<font> 0628<f" +
            "ont> 062C<font> 062F<font> 0648<font> 0632<font> 062D<font> 0637<font> 064A<font> 0643<font> 0644<fo" +
            "nt> 0645<font> 0646<font> 0633<font> 0639<font> 0641<font> 0635<font> 0642<font> 0631<font> 0634<fon" +
            "t> 062A<font> 062B<font> 062E<font> 0630<font> 0636<font> 0638<font> 063A<font> 066E<font> 06BA<font" +
            "> 06A1<font> 066F<font> 0628<font> 062C<font> 0647<font> 062D<font> 064A<font> 0643<font> 0644<font>" +
            " 0645<font> 0646<font> 0633<font> 0639<font> 0641<font> 0635<font> 0642<font> 0634<font> 062A<font> " +
            "062B<font> 062E<font> 0636<font> 063A<font> 062C<font> 062D<font> 064A<font> 0644<font> 0646<font> 0" +
            "633<font> 0639<font> 0635<font> 0642<font> 0634<font> 062E<font> 0636<font> 063A<font> 06BA<font> 06" +
            "6F<font> 0628<font> 062C<font> 0647<font> 062D<font> 0637<font> 064A<font> 0643<font> 0645<font> 064" +
            "6<font> 0633<font> 0639<font> 0641<font> 0635<font> 0642<font> 0634<font> 062A<font> 062B<font> 062E" +
            "<font> 0636<font> 0638<font> 063A<font> 066E<font> 06A1<font> 0627<font> 0628<font> 062C<font> 062F<" +
            "font> 0647<font> 0648<font> 0632<font> 062D<font> 0637<font> 064A<font> 0644<font> 0645<font> 0646<f" +
            "ont> 0633<font> 0639<font> 0641<font> 0635<font> 0642<font> 0631<font> 0634<font> 062A<font> 062B<fo" +
            "nt> 062E<font> 0630<font> 0636<font> 0638<font> 063A<font> 0628<font> 062C<font> 062F<font> 0648<fon" +
            "t> 0632<font> 062D<font> 0637<font> 064A<font> 0644<font> 0645<font> 0646<font> 0633<font> 0639<font" +
            "> 0641<font> 0635<font> 0642<font> 0631<font> 0634<font> 062A<font> 062B<font> 062E<font> 0630<font>" +
            " 0636<font> 0638<font> 063A<compat> 0030 002E<compat> 0030 002C<compat> 0031 002C<compat> 0032 002C<" +
            "compat> 0033 002C<compat> 0034 002C<compat> 0035 002C<compat> 0036 002C<compat> 0037 002C<compat> 00" +
            "38 002C<compat> 0039 002C<compat> 0028 0041 0029<compat> 0028 0042 0029<compat> 0028 0043 0029<compa" +
            "t> 0028 0044 0029<compat> 0028 0045 0029<compat> 0028 0046 0029<compat> 0028 0047 0029<compat> 0028 " +
            "0048 0029<compat> 0028 0049 0029<compat> 0028 004A 0029<compat> 0028 004B 0029<compat> 0028 004C 002" +
            "9<compat> 0028 004D 0029<compat> 0028 004E 0029<compat> 0028 004F 0029<compat> 0028 0050 0029<compat" +
            "> 0028 0051 0029<compat> 0028 0052 0029<compat> 0028 0053 0029<compat> 0028 0054 0029<compat> 0028 0" +
            "055 0029<compat> 0028 0056 0029<compat> 0028 0057 0029<compat> 0028 0058 0029<compat> 0028 0059 0029" +
            "<compat> 0028 005A 0029<compat> 3014 0053 3015<circle> 0043<circle> 0052<circle> 0043 0044<circle> 0" +
            "057 005A<square> 0041<square> 0042<square> 0043<square> 0044<square> 0045<square> 0046<square> 0047<" +
            "square> 0048<square> 0049<square> 004A<square> 004B<square> 004C<square> 004D<square> 004E<square> 0" +
            "04F<square> 0050<square> 0051<square> 0052<square> 0053<square> 0054<square> 0055<square> 0056<squar" +
            "e> 0057<square> 0058<square> 0059<square> 005A<square> 0048 0056<square> 004D 0056<square> 0053 0044" +
            "<square> 0053 0053<square> 0050 0050 0056<square> 0057 0043<super> 004D 0043<super> 004D 0044<super>" +
            " 004D 0052<square> 0044 004A<square> 307B 304B<square> 30B3 30B3<square> 30B5<square> 624B<square> 5" +
            "B57<square> 53CC<square> 30C7<square> 4E8C<square> 591A<square> 89E3<square> 5929<square> 4EA4<squar" +
            "e> 6620<square> 7121<square> 6599<square> 524D<square> 5F8C<square> 518D<square> 65B0<square> 521D<s" +
            "quare> 7D42<square> 751F<square> 8CA9<square> 58F0<square> 5439<square> 6F14<square> 6295<square> 63" +
            "55<square> 4E00<square> 4E09<square> 904A<square> 5DE6<square> 4E2D<square> 53F3<square> 6307<square" +
            "> 8D70<square> 6253<square> 7981<square> 7A7A<square> 5408<square> 6E80<square> 6709<square> 6708<sq" +
            "uare> 7533<square> 5272<square> 55B6<square> 914D<compat> 3014 672C 3015<compat> 3014 4E09 3015<comp" +
            "at> 3014 4E8C 3015<compat> 3014 5B89 3015<compat> 3014 70B9 3015<compat> 3014 6253 3015<compat> 3014" +
            " 76D7 3015<compat> 3014 52DD 3015<compat> 3014 6557 3015<circle> 5F97<circle> 53EF<font> 0030<font> " +
            "0031<font> 0032<font> 0033<font> 0034<font> 0035<font> 0036<font> 0037<font> 0038<font> 00394E3D4E38" +
            "4E41201224F604FAE4FBB5002507A509950E750CF349E2063A514D5154516451772051C34B95167518D2054B519751A44ECC" +
            "51AC51B5291DF51F5520334DF523B524652725277351552C752C952E452FA53055306531753495351535A5373537D537F537" +
            "F537F20A2C707053CA53DF20B6353EB53F15406549E54385448546854A254F655105553556355845584559955AB55B355C25" +
            "7165606571756515674520758EE57CE57F4580D578B5832583158AC214E458F258F75906591A59225962216A8216EA59EC5A" +
            "1B5A2759D85A6636EE36FC5B085B3E5B3E219C85BC35BD85BE75BF321B185BFF5C065F535C2237815C605C6E5CC05C8D21DE" +
            "45D4321DE65D6E5D6B5D7C5DE15DE2382F5DFD5E285E3D5E69386222183387C5EB05EB35EB65ECA2A3925EFE223312233182" +
            "015F225F2238C7232B8261DA5F625F6B38E35F9A5FCD5FD75FF96081393A391C6094226D460C76148614C614E614C617A618" +
            "E61B261A461AF61DE61F261F66210621B625D62B162D4635022B0C633D62FC6368638363E422BF1642263C563A93A2E64696" +
            "47E649D64773A6C654F656C2300A65E366F866493B1966913B083AE4519251956700669C80AD43D96717671B6721675E6753" +
            "233C33B4967FA6785685268852346D688E681F69143B9D694269A369EA6AA8236A36ADB3C186B21238A76B543C4E6B726B9F" +
            "6BBA6BBB23A8D21D0B23AFA6C4E23CBC6CBF6CCD6C676D166D3E6D776D416D696D786D8523D1E6D346E2F6E6E3D336ECB6EC" +
            "723ED16DF96F6E23F5E23F8E6FC67039701E701B3D96704A707D707770AD20525714524263719C243AB72287235725024608" +
            "728072952473524814737A738B3EAC73A53EB83EB87447745C7471748574CA3F1B752424C36753E24C9275702219F761024F" +
            "A124FB8250443FFC400876F4250F3250F22511925133771E771F771F774A4039778B404640962541D784E788C78CC40E3256" +
            "2679562569A256C5798F79EB412F7A407A4A7A4F2597C25AA725AA77AEE420225BAB7BC67BC9422725C807CD242A07CE87CE" +
            "37D0025F867D6343017DC77E027E45433426228262474359262D97F7A2633E7F957FFA8005264DA265238060265A88070233" +
            "5F43D580B28103440B813E5AB5267A7267B5233932339C820182048F9E446B8291828B829D52B382B182B382BD82E626B3C8" +
            "2E5831D836383AD832383BD83E78457835383CA83CC83DC26C3626D6B26CD5452B84F184F38516273CA856426F2C455D4561" +
            "26FB1270D2456B8650865C8667866986A98688870E86E287798728876B878645D787E1880145F9886088632766788D788DE4" +
            "63588FA34BB278AE2796646BE46C78AA08AED8B8A8C5527CA88CAB8CC18D1B8D7727F2F208048DCB8DBC8DF0208DE8ED48F3" +
            "8285D2285ED909490F191112872E911B923892D792D8927C93F9941528BFA958B499595B728D7749E696C35DB29723291452" +
            "921A4A6E4A7697E02940A4AB229496980B980B9829295B698E24B33992999A799C299FE4BCE29B309B129C409CFD4CCE4CED" +
            "9D672A0CE4CF82A1052A20E2A2919EBB4D569EF99EFE9F059F0F9F169F3B2A600";

    }
}
